Workbook

Sheet CALCULATIONS
F2: Beige background = user editable | J2: STEP 2 Your weight change goal
B3: STEP 1 Enter your current body stats | J3: Calculate goal weight change | P3: Enable | AY3: Current goal available | BA3: Main goal | BD3: variables | BF3: variables
B4: Body Stats | J4: 1) What is your current training experience? | AY4: =if(or(AW10=1,and(AW8=2,or(AW10=2,AW10=2,AW10=3,AW10=4))),"Cut (Calorie Deficit)","") | AZ4: 1 | BA4: Build Muscle | BB4: 1 | BD4: =IF($G$5="Lb",1,2) -> 2 | BF4: =IF($G$5="Lb",1,2) -> 2
B5: Weights in Lb or Kg? | J5: - Beginner (less than 1 year of consistent training/dieting) | AS5: Sex | AW5: =G9 | AY5: =if(or(AW8=3),"Maintain ","") | AZ5: 2 | BA5: Lose Fat | BB5: 2 | BD5: =3 -> 3 | BF5: =3 -> 3
B6: 1) Enter your starting date (double-click to select calendar) | J6: - Intermediate (more than 1 year of consistent training/dieting) | AJ6: initial BF% calc | AL6: =if($G16="","", if(and($G$9="Male",count($G$15:$G$17)=3), round(if($G16="","", if($G$14="cm",86.01*log($G16-$G17)-70.041*log($G$15)+30.3, if($G$14="inch",86.01*log(($G16-$G17)*2.54)-70.041*log($G$15*2.54)+30.3))),0), if( and($G$9="Female",count($G$15:$G$18)=4), round(if($G16="","", if($G$14="cm",495/(1.29579-0.35004*log10($G16+$G18-$G17)+0.221 * log10($G$15))-450, if($G$14="inch",495/(1.29579-0.35004*log10(($G16+$G18-$G17)*2.54)+0.221*log10($G$15*2.54))-450))),0)))) | AM6: =if(isnumber(AL6),if(AL6>1,AL6,""),"") | AS6: BF% | AW6: =BY15 | AY6: =if(and(AW8=1,or(AW10=2,AW10=3,AW10=4)),"Lean Bulk (Calorie Surplus) ","") | AZ6: 3 | BA6: Maintain | BB6: 3 | BD6: =SUM(BD4:BD5) -> 5 | BF6: =SUM(BF4:BF5) -> 5
B7: 2) Enter your current weight * | H7: =if($G$5="Lb","lbs",if($G$5="Kg","Kgs","")) | J7: 2) What is your MAIN goal right now? | AJ7: BF% calc warning | AL7: =if(and($G$13="Enable",or(count($G$15:$G$17)<>3,$G$14="")),"Warning: Please fill out all steps 3-5 above or disable",if(and($G$19="",$G$13="Enable",count($G$15:$G$17)=3),"Error in BF% Calculation. Check entered values","")) | AS7: Training Experience | AW7: =P4 | AY7: =if(and(AW10=2,AW7="Beginner"),"Recomp ","") | AZ7: 4 | BD7: =IF(BD6=4,BF36,IF(BD6=5,BG36,IF(BD6=6,BH36,IF(BD6=7,BI36,"")))) -> 7716.17 | BF7: =IF(BF6=4,BF37,IF(BF6=5,BG37,IF(BF6=6,BH37,IF(BF6=7,BI37,"")))) -> 28.66006 | BO7: Activate new calc | BQ7: TRUE
B8: 3) Enter your estimated body fat (%) * | H8: % | J8: =AW11 | AS8: Main goal | AW8: =if(P7=BA4,BB4,if(P7=BA5,BB5,if(P7=BA6,BB6,if(P7=BA7,BB7,0))))
B9: 4) Enter your Gender * | AS9: Current selected recommended goal | AW9: =if(AW8<>"",if(P11=AY4,AZ4,if(P11=AY5,AZ5,if(P11=AY6,AZ6,if(P11=AY7,AZ7,0)))),"")
B10: =if(or(count($G$7:$G$8)<>2,$G$9=""),"Please fill out all items 1-4 above",if(and(count($G$7:$G$8)=2,$G$9<>""),"Warning: After inputting, please DON'T update items 2 and 3 above.","")) -> Please fill out all items 1-4 above | J10: =BC10 | AS10: Goal Category | AW10: =if(AW5="Male", if(AW8=3,0, if(AW6>=20, 1, if(AW6>15, 2, if(AW6>12, 3,4)))), if(AW5="Female", if(AW8=3,0, if(AW6>=30,1, if(AW6>25,2, if(AW6>22,3,4)))),0)) -> 0 | AY10: Old Goal Category | BB10: =if(AW5="Male", if(AW8=3,0, if(BY21>=20, 1, if(BY21>15, 2, if(BY21>12, 3,4)))), if(AW5="Female", if(AW8=3,0, if(BY21>=30,1, if(BY21>25,2, if(BY21>22,3,4)))),0)) -> 0 | BC10: =if(AND(BB10<>AW10,AW9=0), "BF% Has changed and your recommended phase needs to be updated","")
J11: 3) Here is the phase we recommend for you: | U11: * Select your phase from recommended list | AS11: Message | AW11: =if(AW8="","",CONCATENATE("Based on your BF% and goal we suggest that you ", AY4, if(and(ne(AY4,""),or(ne(AY5,""),ne(AY6,""),ne(AY7,""))), " or ", ""), AY5, if(and(ne(AY5,""),or(ne(AY6,""),ne(AY7,""))), " or ", ""), AY6, if(and(ne(AY6,""),ne(AY7,"")), " or ", ""),AY7))
J12: Your suggested goal weight change per week is: | P12: =$AW14 | Q12: =if($G$5="Lb","lbs",if($G$5="Kg","Kgs","")) | AX12: Male | AY12: Female
B13: OPTIONAL Calculate your body fat % | G13: Disable | J13: This is the recommended weight change per week based on your training experience, body fat % and goal. If you want a different goal weight change, disable the "calculate goal weight change" and "enter goal weight change" in item 4 below | AB13: 2) Enter your current weight * | AE13: =G7 | AF13: =if($G$5="Lb","lbs","Kgs") -> Kgs | AG13: =if(E38="",AE13,E38) | AS13: Calculate Weight change% | AW13: =if(AW5="Male", AX13, if(AW5="Female", AY13, 0)) -> 0 | AX13: =if(AW7="Beginner", if(AW9=2,0, if(AW6>=20, -0.7, if(AW6>15, if(AW9=3,1.5/4, if(AW9=1,-0.7,0)), if(AW6>12, if(AW9=3,1.5/4, if(AW9=1,-0.5,0)), if(AW6<=12, if(AW9=3,1.5/4, if(AW9=1,-0.3,0)),0))))), if(AW7="Intermediate", if(AW9=2,0, if(AW6>=20, -0.7, if(AW6>15, if(AW9=3,1/4, if(AW9=1,-0.7,0)), if(AW6>12, if(AW9=3,1/4, if(AW9=1,-0.5,0)), if(AW6<=12, if(AW9=3,1/4, if(AW9=1,-0.3,0)),0))))),0)) -> 0 | AY13: =if(AW7="Beginner", if(AW9=2,0, if(AW6>=30, -0.7, if(AW6>25, if(AW9=3,1/4, if(AW9=1,-0.7,0)), if(AW6>22, if(AW9=3,1/4, if(AW9=1,-0.5,0)), if(AW6<=22, if(AW9=3,1/4, if(AW9=1,-0.3,0)),0))))), if(AW7="Intermediate", if(AW9=2,0, if(AW6>=30, -0.7, if(AW6>25, if(AW9=3,0.5/4, if(AW9=1,-0.7,0)), if(AW6>22, if(AW9=3,0.5/4, if(AW9=1,-0.5,0)), if(AW6<=22, if(AW9=3,0.5/4, if(AW9=1,-0.3,0)),0))))),0)) -> 0 | BO13: Old Protein Calc | BT13: New Dynamic Calculation of Protein
B14: Step 1: Measurements in cm/in? | AS14: Calculated Weight loss goal | AW14: =if(and(P3="Enable",P3<>"",P4<>"",P11<>"",P7<>""),if(AW9=4,if(G5="Lbs",-0.5,-0.227),(AW13/100)*BY14),"") | BC14: Male/Female Macro calc variables | BO14: =if(BD24=FALSE,"",G7*$BD$18) | BT14: Latest Weight | BY14: =IFERROR(__xludf.DUMMYFUNCTION("if(count($BO36:$BO140)>0,index(filter($BO36:$BO140,$BO36:$BO140 <>""""),count($BO36:$BO140)),G7)"),"")
B15: Step 2: Enter your Height: | H15: =IF($G$14="Inch","in",IF($G$14="cm","cm","")) | AS15: Used weight loss goal | AW15: =if(P3="Enable",AW14,Q16) | BC15: gender TDEE multiplier | BD15: =if($BD$24=TRUE,if($G$9="Male",1.5,if($G$9="Female",1.55,"")),"") | BO15: =if(BD24=FALSE,"",round($G$7*$BD$16,0)& " - " &round($G$7*$BD17,0)) | BT15: Latest BF% | BY15: =if(count(BT$36:BT140)>0,$BT$141,$G$8)
B16: Step 3: Enter your Waist Measurement: | H16: =IF($G$14="Inch","in",IF($G$14="cm","cm","")) | J16: =concatenate("4) Enter your goal weight change per week (-/+ ",G5,") if you want a different goal than recommended above") -> 4) Enter your goal weight change per week (-/+ ) if you want a different goal than recommended above | R16: =if($G$5="Lb","lbs",if($G$5="Kg","Kgs","")) | U16: * Manually enter your goal weight when above is disabled | BC16: lower protein multiplier | BD16: =if($BD$24=TRUE,if($G$9="Male",if(and($G$5="lb",$G$8<20),0.8,if(and($G$5="lb",$G$8>=20),0.73,if(and($G$5="kg",$G$8<20),1.76,if(and($G$5="kg",$G$8>=20),1.606)))),if($G$5="lb",0.8,1.7778)),"") | BT16: Latest Protein Multiplier | BY16: =IFERROR(__xludf.DUMMYFUNCTION("if(count(BV$36:BV140)>0,index(filter(BV$36:BV140,BV$36:BV140 <>""""),count(BV$36:BV140)),$BD$18)"),"")
B17: Step 4: Enter Your Neck Measurement: | H17: =IF($G$14="Inch","in",IF($G$14="cm","cm","")) | AS17: Calorie Surplus | AW17: =if(BD24=FALSE,"",if(G5="lb",((AW15*3500)/7),if(G5="Kg",((AW15*7700)/7),""))) | BC17: upper protein mutiplier | BD17: =if($BD$24=TRUE,if($G$9="Male",if(and($G$5="lb",$G$8<20),1.2,if(and($G$5="lb",$G$8>=20),1,if(and($G$5="kg",$G$8<20),2.64,if(and($G$5="kg",$G$8>=20),2.2)))),if($G$5="lb",1.2,2.6667)),"") | BT17: Latest Recommended Protein Amount | BY17: =IFERROR(__xludf.DUMMYFUNCTION("if(count(BW$36:BW140)>0,index(filter(BW$36:BW140,BW$36:BW140 <>""""),count(BW$36:BW140)),$G$7)"),"")
B18: =if($G$9="Male","",if($G$9="Female","Step 6: Enter your Hip Measurement:","")) | H18: =if($G$9="Male","",if(and($G$9="Female",$G$14="cm"),"cm",if(and($G$9="Female",$G$14="inch"),"in",""))) | J18: STEP 3 Your TDEE and macronutrient requirements | AS18: Calculated TDEE | AW18: =IFERROR(__xludf.DUMMYFUNCTION("if(count($G$7:$G$9)<>2,"""",if(count($U$36:$U141)>3,index(filter($U$36:$U141,$U$36:$U141<>""""),count($U$36:$U141)-1,1),if(G5=""Lb"",(370 + (9.8*($G$7*((100-$AW$6) / 100)) )) * $BD$15,(370 + (21.6*($G$7*((100-$AW$6) / 100)) )) * $BD$15)))"),"") | BC18: recommended protein multiplier | BD18: =if($BD$24=TRUE, if($G$9="Male", if(and($G$5="lb",$G$8<20),1, if(and($G$5="lb",$G$8>=20,$G$8<=25),0.8, if(and($G$5="lb",$G$8>25),0.73, if(and($G$5="kg",$G$8<20),2.2, if(and($G$5="kg",$G$8>=20,$G$8<=25),1.76, if(and($G$5="kg",$G$8>25),1.606)))))), if($G$5="lb",0.8,1.7778)),"") | BT18: Latest Minimum Protein Amount | BY18: =IFERROR(__xludf.DUMMYFUNCTION("if(count(BZ$36:BZ140)>0,index(filter(BZ$36:BZ140,BZ$36:BZ140 <>""""),count(BZ$36:BZ140)),$G$7)"),0.0) -> 0
B19: Your Calculated BF% is: | G19: =AM6 | H19: % | AS19: need to eat | AW19: =if(BD24=FALSE,"",max($BD$22,$AW$17+$AW$18)) | BC19: lower fat multiplier | BD19: =if($BD$24=TRUE,if($G$9="Male",0.15,0.2),"") | BT19: Latest Maximum Protein Amount | BY19: =IFERROR(__xludf.DUMMYFUNCTION("if(count(CA$36:CA140)>0,index(filter(CA$36:CA140,CA$36:CA140 <>""""),count(CA$36:CA140)),$G$7)"),0.0) -> 0
B20: =$AL$7 | J20: Your Estimated Current TDEE is | Q20: =IFERROR(__xludf.DUMMYFUNCTION("if(and($BD$24=TRUE,or(and($P$3=""Enable"",P4<>"""",P7<>"""",P11<>""""),P3=""Disable"")),if(count($U$36:$U141)>3, index(filter($U$36:$U141,$U$36:$U141<>""""),count($U$36:$U141)-1,1), if(G5=""Lb"&""", (370 + (9.8*($G$7*((100-$BY$15) / 100)) )) * $BD$15, (370 + (21.6*($G$7*((100-$BY$15) / 100)) )) * $BD$15)),"""")"),"") | R20: calories | AG20: avg daily calories + ((-prev week differential*3500)/# of days logged) | AM20: base tdee formula | AN20: =if(G5="Lb",(370 + (9.8*($G$7*((100-$G$18) / 100)) )) * 1.5,(370 + (21.6*($G$7*((100-$G$18) / 100)) )) * 1.5) -> 555 | AS20: protein | AW20: =IF(BD24,BO22,"") | BC20: upper fat multiplier | BD20: =if($BD$24=TRUE,if($G$9="Male",0.3,0.4),"") | BT20: Latest Protein Range | BY20: =if(BD24=FALSE,"",round(BY18,0)& " - " &round(BY19,0))
AD21: =2050+((-3*3500)) -> -8450 | AM21: old formula: =MROUND(G7*BB7,5) | AN21: =G7*BF7 -> 0 | AS21: fat | AW21: =if(BD24,+(($BD$21*$Q$25)/9),"") | BC21: recommended fat multiplier | BD21: =if($BD$24=TRUE, if($G$9="Male", if($BY$15<25, 0.22, if($BY$15>=25,0.25,0)), if($G$9="Female",0.3,"")),"") | BO21: Active Calc | BT21: Previous BF% | BY21: =if(count(BT$36:BT140)>0,$BU$141,$G$8)
B22: Reminder: Do NOT eat back your calories from extra exercise. The nutrition tracking spreadsheet already takes this into account. See the FAQ for more information | J22: =IF(Q22<0,"Your Target Daily Deficit","Your Target Daily Surplus") -> Your Target Daily Surplus | Q22: =if(or(BD24=FALSE,AW15=""),"",if(G5="lb",((AW15*3500)/7),if(G5="Kg",((AW15*7700)/7),""))) | R22: calories | AM22: new formula (with body fat) | AN22: =if(G5="Lb",(370 + (9.8*($G$7*((100-if($G$13="Enable",$G$18,$G$8)) / 100)) )) * $BD$15,(370 + (21.6*($G$7*((100-if($G$13="Enable",$G$18,$G$8)) / 100)) )) * $BD$15) -> 0 | AS22: carbs | AW22: =if(BD24,($Q$25-($Q$26*4)-($Q$27*9))/4,"") | BC22: lower calorie limit | BD22: =if($BD$24=TRUE,if($G$9="Male",1500,1200),"") | BO22: =if(BQ7,BY17,BO14)
AS23: Calorie message | AW23: =if(and(BD24,$AW$17+$AW$18<$BD$22),"Calculated calories have been set to the minimum. See FAQ","") | BO23: =if(BQ7,BY20,BO15)
J24: Here are Your Daily Calories/Macros: | BC24: all required fields entered | BD24: =if( and( or($G$5="Kg",$G$5="Lb"), $G$7<>"", $G$9<>"", or($G$8<>"", and($G$13="Enable",$G$19<>"")) , or(and(P3="Enable"), and( if(isblank(Q16)=FALSE,true,false),P3="Disable"))),true, false) -> FALSE
J25: You need to eat: | Q25: =if(or(BD24=FALSE,AW15=""),"",max($BD$22,$Q$20+$Q$22)) | R25: calories | S25: Acceptable Range* | AV25: current estimated | AW25: =if(G5="Lb",(370 + (9.8*($G$7*((100-if($G$13="Enable",$G$18,$G$8)) / 100)) )) * $BD$15,(370 + (21.6*($G$7*((100-if($G$13="Enable",$G$18,$G$8)) / 100)) )) * $BD$15) -> 0
J26: You need this many grams of protein: | Q26: =IF(or(BD24=FALSE,AW15=""),"",BO22) | R26: grams | S26: =if(or(BD24=FALSE,AW15=""),"",BO23) | AV26: current day to day | AW26: =IF(AL36=0,$AN$22,IF(AL37=0,$AN$22,AW37+(((-AZ36)*$BD$7)/AL37))) -> 0
B27: =if(count(AC39:AC46)<4,concatenate("Reminder:"," Your calories, protein, fat & carbs will start adjusting by the beginning of week 4. "," Until then stick with your initial calories/macros values."),"") -> Reminder: Your calories, protein, fat & carbs will start adjusting by the beginning of week 4. Until then stick with your initial calories/macros values. | J27: You need this many grams of fat: | Q27: =if(or(BD24=FALSE,AW15=""),"",+(($BD$21*$Q$25)/9)) | R27: grams | S27: =if(or(BD24=FALSE,AW15=""),"",round(($BD$19*$Q$25)/9,0) & " - " & round(($BD$20*$Q$25)/9,0))
J28: You need this many grams of carbs: | Q28: =if(or(BD24=FALSE,AW15=""),"",($Q$25-($Q$26*4)-($Q$27*9))/4) | R28: grams | S28: =if(or(BD24=FALSE,AW15=""),"",round($Q$28*0.8,0)& " - " &round($Q$28*1.2,0))
AU29: highlight min/max | AW29: =if(AW15=0,FALSE,TRUE) -> TRUE
J30: =$AW$23 | AU30: highlight value | AW30: =if(AW15<0,min($E$36:$K$36,$E$38:$K$38,$E$40:$K$40,$E$42:$K$42,$E$44:$K$44,$E$46:$K$46,$E$48:$K$48,$E$50:$K$50,$E$52:$K$52,$E$54:$K$54,$E$56:$K$56,$E$58:$K$58,$E$60:$K$60,$E$62:$K$62,$E$64:$K$64,$E$66:$K$66,$E$68:$K$68,$E$70:$K$70,$E$72:$K$72,$E$74:$K$74,$E$76:$K$76,$E$78:$K$78,$E$80:$K$80,$E$82:$K$82,$E$84:$K$84,$E$86:$K$86,$E$88:$K$88,$E$90:$K$90,$E$92:$K$92,$E$94:$K$94,$E$96:$K$96,$E$98:$K$98,$E$100:$K$100,$E$102:$K$102,$E$104:$K$104,$E$106:$K$106,$E$108:$K$108,$E$110:$K$110,$E$112:$K$112,$E$114:$K$114,$E$116:$K$116,$E$118:$K$118,$E$120:$K$120,$E$122:$K$122,$E$124:$K$124,$E$126:$K$126,$E$128:$K$128,$E$130:$K$130,$E$132:$K$132,$E$134:$K$134,$E$136:$K$136,$E$138:$K$138,$E$140:$K$140),if(AW15>0,max($E$36:$K$36,$E$38:$K$38,$E$40:$K$40,$E$42:$K$42,$E$44:$K$44,$E$46:$K$46,$E$48:$K$48,$E$50:$K$50,$E$52:$K$52,$E$54:$K$54,$E$56:$K$56,$E$58:$K$58,$E$60:$K$60,$E$62:$K$62,$E$64:$K$64,$E$66:$K$66,$E$68:$K$68,$E$70:$K$70,$E$72:$K$72,$E$74:$K$74,$E$76:$K$76,$E$78:$K$78,$E$80:$K$80,$E$82:$K$82,$E$84:$K$84,$E$86:$K$86,$E$88:$K$88,$E$90:$K$90,$E$92:$K$92,$E$94:$K$94,$E$96:$K$96,$E$98:$K$98,$E$100:$K$100,$E$102:$K$102,$E$104:$K$104,$E$106:$K$106,$E$108:$K$108,$E$110:$K$110,$E$112:$K$112,$E$114:$K$114,$E$116:$K$116,$E$118:$K$118,$E$120:$K$120,$E$122:$K$122,$E$124:$K$124,$E$126:$K$126,$E$128:$K$128,$E$130:$K$130,$E$132:$K$132,$E$134:$K$134,$E$136:$K$136,$E$138:$K$138,$E$140:$K$140))) -> 0
B31: STEP 4 Enter you calorie intake and weight (daily) | AU31: highlight average value | AW31: =if(AW15<0,AX35,if(AW15>0,AY35)) -> 0
AL33: current | AM33: goal | AX33: MIN | AY33: MAX | BD33: units/conversions
B34: Week | D34: Stats | E34: =text($G$6,"ddd") -> Sat | F34: =text($G$6+1,"ddd") -> Sun | G34: =text($G$6+2,"ddd") -> Mon | H34: =text($G$6+3,"ddd") -> Tue | I34: =text($G$6+4,"ddd") -> Wed | J34: =text($G$6+5,"ddd") -> Thu | K34: =text($G$6+6,"ddd") -> Fri | L34: Avg. | N34: waist | O34: neck | P34: hip | Q34: Calculated BF% | R34: Estimated BF% | S34: Weight Change | U34: TDEE | W34: Current Entry? | X34: week | Y34: Month | AX34: =MIN(AW36,AW38,AW40,AW42,AW44,AW46,AW48,AW50,AW52,AW54,AW56,AW58,AW60,AW62,AW64,AW66,AW68,AW70,AW72,AW74,AW76,AW78,AW80,AW82,AW84,AW86,AW88,AW90,AW92,AW94,AW96,AW98,AW100,AW102,AW104,AW106,AW108,AW110,AW112,AW114,AW116,AW118,AW120,AW122,AW124,AW126,AW128,AW130,AW132,AW134,AW136,AW138,AW140) -> 0 | AY34: =MAX(AW36,AW38,AW40,AW42,AW44,AW46,AW48,AW50,AW52,AW54,AW56,AW58,AW60,AW62,AW64,AW66,AW68,AW70,AW72,AW74,AW76,AW78,AW80,AW82,AW84,AW86,AW88,AW90,AW92,AW94,AW96,AW98,AW100,AW102,AW104,AW106,AW108,AW110,AW112,AW114,AW116,AW118,AW120,AW122,AW124,AW126,AW128,AW130,AW132,AW134,AW136,AW138,AW140) -> 0 | BR34: BF% History | BZ34: Protein Amount
N35: =if($G$15="","Enter your height in Step 1 to calculate body fat","") -> Enter your height in Step 1 to calculate body fat | AB35: =today() -> 46183 | AL35: row count | AM35: =G7 | AW35: avg daily weight/ avg daily calories | AX35: =MAX(AX36:AX141) -> 0 | AY35: =MAX(AY36:AY141) -> 0 | AZ35: prev week differntial | BA35: =max(BA36:BA141) -> 140 | BB35: =vlookup($BA$35,BA36:BB140,2,false) -> 11 | BC35: tdee | BD35: master TDEE calcs | BE35: weekly TDEE calcs | BF35: lb cal | BG35: kg cal | BH35: lb kj | BI35: kg kj | BJ35: YYYY - MMM | BL35: BF Calc | BO35: Average weight history | BQ35: Calc BF% | BR35: Est BF% | BS35: Used BF% | BV35: Protein Multiplier | BW35: Recommended Protein | BZ35: Min | CA35: Max
B36: =IF(G6="","",G6) | D36: Weight | L36: =if(counta(E36:K36)=0,"",AVERAGE(E36:K36)) | Q36: =BL36 | S36: =IF(L36="","",(L36-$G$7)) | U36: =if(BD$24=FALSE,"",IF(L36="","",BC36)) | W36: =IF(count(S36:S37)>1,1,0) -> 0 | X36: =if($Y$36="","","Week 1") | Y36: =IF(S36="","",text(B36,"MMM-YY")) | AB36: =B36 | AC36: =AB36 | AD36: =AC36+1 -> 1 | AE36: =AD36+1 -> 2 | AF36: =AE36+1 -> 3 | AG36: =AF36+1 -> 4 | AH36: =AG36+1 -> 5 | AI36: =AH36+1 -> 6 | AJ36: 1 | AL36: =COUNT(AP36:AV36) -> 0 | AM36: =IF(AW36="",AM35,L36) | AP36: =IF(COUNT($E36:$K36)<1,"",IF(E36="",$G$7,E36)) | AQ36: =IF(F36="",AP36,F36) | AR36: =IF(G36="",AQ36,G36) | AS36: =IF(H36="",AR36,H36) | AT36: =IF(I36="",AS36,I36) | AU36: =IF(J36="",AT36,J36) | AV36: =IF(K36="",AU36,K36) | AW36: =IF(AL36=0,$G$7,average(AP36:AV36)) | AX36: =if(AND(AW36=AX$34,$AL36>0),ROW(),0) -> 0 | AY36: =if(AND(AW36=AY$34,$AL36>0),ROW(),0) -> 0 | AZ36: =IF(AW36="","",AW36-$G$7) | BA36: =if(BB36>0,row(),0) -> 36 | BB36: =max(if(E36=AW$30,COLUMN(E36),0),if(F36=AW$30,COLUMN(F36),0),if(G36=AW$30,COLUMN(G36),0),if(H36=AW$30,COLUMN(H36),0),if(I36=AW$30,COLUMN(I36),0),if(J36=AW$30,COLUMN(J36),0),if(K36=AW$30,COLUMN(K36),0)) -> 11 | BC36: =IF(BD36="","",IF(AZ36="","",BD36)) | BD36: =IF(AL36=0,$AN$22,IF(AL37=0,$AN$22,AW37+(((-AZ36)*$BD$7)/AL37))) -> 0 | BE36: =IF(AL36=0,$AN$22,AW37+(((-AZ36)*$BD$7)/AL37)) -> 0 | BF36: 3500 | BG36: =BF36*2.20462 -> 7716.17 | BH36: =BF36*4.184 -> 14644 | BI36: =BG36*4.184 -> 32284.455 | BJ36: =text(B36,"YYYY MMM") | BL36: =if($G$13="Disable","", if($G$9="","",if(and($G$9="Male",count($N36:$O36)<>2),"", if(and($G$9="Male",count($N36:$O36)=2),round(if($N36="","", if($G$14="cm",86.01*log($N36-$O36)-70.041*log($G$15)+30.3, if($G$14="inch",86.01*log(($N36-$O36)*2.54)-70.041*log($G$15*2.54)+30.3))),0), if(and($G$9="Female",count($N36:$P36)<>3),"", if(and($G$9="Female",count($N36:$P36)=3),round(if($N36="","", if($G$14="cm",495/(1.29579-0.35004*log10($N36+$P36-$O36)+0.221 * log10($G$15))-450, if($G$14="inch",495/(1.29579-0.35004*log10(($N36+$P36-$O36)*2.54)+0.221 * log10($G$15*2.54))-450))),0))))))) | BO36: =IFERROR(__xludf.DUMMYFUNCTION("filter($L$36:$L141,$D$36:$D141<>"""",$D$36:$D141=""Weight"")"),"") | BP36: =$G$7 | BQ36: =IFERROR(__xludf.DUMMYFUNCTION("filter($Q$36:$Q141,$D$36:$D141=""Weight"")"),"") | BR36: =IFERROR(__xludf.DUMMYFUNCTION("filter($R$36:$R141,$D$36:$D141=""Weight"")"),"") | BS36: =if($G$13="Enable",if(BQ36<>"",BQ36,BR36),if(BR36<>"",BR36,BQ36)) | BT36: =if(and($G$13="Enable",$G$19<>""),$G$19,$G$8) | BV36: =if($BP36<>"", if($G$9="Male", if(and($G$5="lb",$BT36<20),1, if(and($G$5="lb",$BT36>=20,$BT36<=25),0.8, if(and($G$5="lb",$BT36>25),0.73, if(and($G$5="kg",$BT36<20),2.2, if(and($G$5="kg",$BT36>=20,$BT36<=25),1.76, if(and($G$5="kg",$BT36>25),1.606)))))), if($G$9="Female", if(and($G$5="lb",$BT36<=25),1, if(and($G$5="lb",$BT36>25),0.8, if(and($G$5="kg",$BT36<=25),2.2, if(and($G$5="kg",$BT36>25),1.76,"")))),""))) -> FALSE | BW36: =if($BP36<>"",$BP36*BV36,"") | BX36: =if($BP36<>"", if($G$9="Male", if(and($G$5="lb",$BT36<20),0.8, if(and($G$5="lb",$BT36>=20),0.73, if(and($G$5="kg",$BT36<20),1.76, if(and($G$5="kg",$BT36>=20),1.606)))), if($G$9="Female", if($G$5="lb",0.8,1.76),""))) -> FALSE | BY36: =if($BP36<>"", if($G$9="Male", if(and($G$5="lb",$BT36<20),1.2, if(and($G$5="lb",$BT36>=20),1, if(and($G$5="kg",$BT36<20),2.64, if(and($G$5="kg",$BT36>=20),2.2)))), if($G$9="Female", if($G$5="lb",1.4,3.08),""))) -> FALSE | BZ36: =BP36*BX36 -> 0 | CA36: =BP36*BY36 -> 0
D37: Calories | L37: =if(counta(E37:K37)=0,"",AVERAGE(E37:K37)) | X37: =if($Y$36="","","Week 1") | AB37: =B38 | AC37: =AB37 | AD37: =AC37+1 -> 1 | AE37: =AD37+1 -> 2 | AF37: =AE37+1 -> 3 | AG37: =AF37+1 -> 4 | AH37: =AG37+1 -> 5 | AI37: =AH37+1 -> 6 | AJ37: =AJ36+0.5 -> 1.5 | AL37: =COUNT(AP37:AV37) -> 0 | AM37: =AM36 | AP37: =IF(COUNT($E37:$K37)<1,"",IF(E37="",AQ31,E37)) | AQ37: =IF(F37="",AP37,F37) | AR37: =IF(G37="",AQ37,G37) | AS37: =IF(H37="",AR37,H37) | AT37: =IF(I37="",AS37,I37) | AU37: =IF(J37="",AT37,J37) | AV37: =IF(K37="",AU37,K37) | AW37: =IF(AL37=0,"",average(AP37:AV37)) | BF37: 13 | BG37: =BF37*2.20462 -> 28.66006 | BH37: =BF37*4.184 -> 54.392 | BI37: =BG37*4.184 -> 119.91369 | BO37: =IFERROR(__xludf.DUMMYFUNCTION("""COMPUTED_VALUE"""),"") | BP37: =$G$7 | BQ37: =IFERROR(__xludf.DUMMYFUNCTION("""COMPUTED_VALUE"""),"") | BS37: =if($G$13="Enable",if(BQ37<>"",BQ37,BR37),if(BR37<>"",BR37,BQ37)) | BT37: =if(and($G$13="Enable",$G$19<>""),$G$19,$G$8) | BU37: =BT36 | BV37: =if($BP37<>"", if($G$9="Male", if(and($G$5="lb",$BT37<20),1, if(and($G$5="lb",$BT37>=20,$BT37<=25),0.8, if(and($G$5="lb",$BT37>25),0.73, if(and($G$5="kg",$BT37<20),2.2, if(and($G$5="kg",$BT37>=20,$BT37<=25),1.76, if(and($G$5="kg",$BT37>25),1.606)))))), if($G$9="Female", if(and($G$5="lb",$BT37<=25),1, if(and($G$5="lb",$BT37>25),0.8, if(and($G$5="kg",$BT37<=25),2.2, if(and($G$5="kg",$BT37>25),1.76,"")))),""))) -> FALSE | BW37: =if($BP37<>"",$BP37*BV37,"") | BX37: =if($BP37<>"", if($G$9="Male", if(and($G$5="lb",$BT37<20),0.8, if(and($G$5="lb",$BT37>=20),0.73, if(and($G$5="kg",$BT37<20),1.76, if(and($G$5="kg",$BT37>=20),1.606)))), if($G$9="Female", if($G$5="lb",0.8,1.76),""))) -> FALSE | BY37: =if($BP37<>"", if($G$9="Male", if(and($G$5="lb",$BT37<20),1.2, if(and($G$5="lb",$BT37>=20),1, if(and($G$5="kg",$BT37<20),2.64, if(and($G$5="kg",$BT37>=20),2.2)))), if($G$9="Female", if($G$5="lb",1.4,3.08),""))) -> FALSE | BZ37: =if(BW37<>BW36,BP37*BX37,BZ36) -> 0 | CA37: =if(BW37<>BW36,BP37*BY37,CA36) -> 0
B38: =IF(B36="","",B36+7) | D38: =D36 -> Weight | L38: =if(counta(E38:K38)=0,"",AVERAGE(E38:K38)) | Q38: =BL38 | S38: =IFERROR(__xludf.DUMMYFUNCTION("IF(L38="""","""",(L38-index(filter($L$36:L36,$L$36:L36<>"""",ISEVEN(row($L$36:L36))),count(filter($L$36:L36,$L$36:L36<>"""",iseven(row($L$36:L36)))),1)))"),"") | U38: =if(BD$24=FALSE,"",IF(L38="","",BC38)) | W38: =IF(count(S38:S39)>1,1,0) -> 0 | X38: =if(Y38="","","Week 2") | Y38: =IF(S38="","",text(B38,"MMM-YY")) | AB38: =B40 | AC38: =AB38 | AD38: =AC38+1 -> 1 | AE38: =AD38+1 -> 2 | AF38: =AE38+1 -> 3 | AG38: =AF38+1 -> 4 | AH38: =AG38+1 -> 5 | AI38: =AH38+1 -> 6 | AJ38: =AJ36+1 -> 2 | AK38: 1 | AL38: =COUNT(AP38:AV38) -> 0 | AM38: =IF(K38="",AM36,K38) | AP38: =IF(COUNT($E38:$K38)<1,"",IF(E38="",AQ32,E38)) | AQ38: =IF(F38="",AP38,F38) | AR38: =IF(G38="",AQ38,G38) | AS38: =IF(H38="",AR38,H38) | AT38: =IF(I38="",AS38,I38) | AU38: =IF(J38="",AT38,J38) | AV38: =IF(K38="",AU38,K38) | AW38: =IF(AL38=0,AW36,average(AP38:AV38)) | AX38: =if(AND(AW38=AX$34,$AL38>0),ROW(),0) -> 0 | AY38: =if(AND(AW38=AY$34,$AL38>0),ROW(),0) -> 0 | AZ38: =IF(AW38="","",AW38-AW36) | BA38: =if(BB38>0,row(),0) -> 38 | BB38: =max(if(E38=AW$30,COLUMN(E38),0),if(F38=AW$30,COLUMN(F38),0),if(G38=AW$30,COLUMN(G38),0),if(H38=AW$30,COLUMN(H38),0),if(I38=AW$30,COLUMN(I38),0),if(J38=AW$30,COLUMN(J38),0),if(K38=AW$30,COLUMN(K38),0)) -> 11 | BC38: =IF(BD38="","",IF(AZ38="","",BD38)) | BD38: =IF(AL38=0,BD36,IF(AL39=0,BD36,AW39+(((-AZ38)*$BD$7)/AL39))) -> 0 | BE38: =IF(AL38=0,BE36,IF(AL39=0,BE36,AW39+(((-AZ38)*$BD$7)/AL39))) -> 0 | BJ38: =text(B38,"YYYY MMM") | BL38: =if($G$13="Disable","", if($G$9="","",if(and($G$9="Male",count($N38:$O38)<>2),"", if(and($G$9="Male",count($N38:$O38)=2),round(if($N38="","", if($G$14="cm",86.01*log($N38-$O38)-70.041*log($G$15)+30.3, if($G$14="inch",86.01*log(($N38-$O38)*2.54)-70.041*log($G$15*2.54)+30.3))),0), if(and($G$9="Female",count($N38:$P38)<>3),"", if(and($G$9="Female",count($N38:$P38)=3),round(if($N38="","", if($G$14="cm",495/(1.29579-0.35004*log10($N38+$P38-$O38)+0.221 * log10($G$15))-450, if($G$14="inch",495/(1.29579-0.35004*log10(($N38+$P38-$O38)*2.54)+0.221 * log10($G$15*2.54))-450))),0))))))) | BO38: =IFERROR(__xludf.DUMMYFUNCTION("""COMPUTED_VALUE"""),"") | BP38: =$G$7 | BQ38: =IFERROR(__xludf.DUMMYFUNCTION("""COMPUTED_VALUE"""),"") | BS38: =if($G$13="Enable",if(BQ38<>"",BQ38,BR38),if(BR38<>"",BR38,BQ38)) | BT38: =if(and($G$13="Enable",$G$19<>""),$G$19,$G$8) | BU38: =BT37 | BV38: =if($BP38<>"", if($G$9="Male", if(and($G$5="lb",$BT38<20),1, if(and($G$5="lb",$BT38>=20,$BT38<=25),0.8, if(and($G$5="lb",$BT38>25),0.73, if(and($G$5="kg",$BT38<20),2.2, if(and($G$5="kg",$BT38>=20,$BT38<=25),1.76, if(and($G$5="kg",$BT38>25),1.606)))))), if($G$9="Female", if(and($G$5="lb",$BT38<=25),1, if(and($G$5="lb",$BT38>25),0.8, if(and($G$5="kg",$BT38<=25),2.2, if(and($G$5="kg",$BT38>25),1.76,"")))),""))) -> FALSE | BW38: =if($BP38<>"",$BP38*BV38,"") | BX38: =if($BP38<>"", if($G$9="Male", if(and($G$5="lb",$BT38<20),0.8, if(and($G$5="lb",$BT38>=20),0.73, if(and($G$5="kg",$BT38<20),1.76, if(and($G$5="kg",$BT38>=20),1.606)))), if($G$9="Female", if($G$5="lb",0.8,1.76),""))) -> FALSE | BY38: =if($BP38<>"", if($G$9="Male", if(and($G$5="lb",$BT38<20),1.2, if(and($G$5="lb",$BT38>=20),1, if(and($G$5="kg",$BT38<20),2.64, if(and($G$5="kg",$BT38>=20),2.2)))), if($G$9="Female", if($G$5="lb",1.4,3.08),""))) -> FALSE | BZ38: =if(BW38<>BW37,BP38*BX38,BZ37) -> 0 | CA38: =if(BW38<>BW37,BP38*BY38,CA37) -> 0
D39: =D37 -> Calories | L39: =if(counta(E39:K39)=0,"",AVERAGE(E39:K39)) | AB39: =B42 | AC39: =AB39 | AD39: =AC39+1 -> 1 | AE39: =AD39+1 -> 2 | AF39: =AE39+1 -> 3 | AG39: =AF39+1 -> 4 | AH39: =AG39+1 -> 5 | AI39: =AH39+1 -> 6 | AJ39: =AJ38+0.5 -> 2.5 | AL39: =COUNT(AP39:AV39) -> 0 | AM39: =AM38 | AP39: =IF(COUNT($E39:$K39)<1,"",IF(E39="",AQ33,E39)) | AQ39: =IF(F39="",AP39,F39) | AR39: =IF(G39="",AQ39,G39) | AS39: =IF(H39="",AR39,H39) | AT39: =IF(I39="",AS39,I39) | AU39: =IF(J39="",AT39,J39) | AV39: =IF(K39="",AU39,K39) | AW39: =IF(AL39=0,AW37,average(AP39:AV39)) | BO39: =IFERROR(__xludf.DUMMYFUNCTION("""COMPUTED_VALUE"""),"") | BP39: =$G$7 | BQ39: =IFERROR(__xludf.DUMMYFUNCTION("""COMPUTED_VALUE"""),"") | BS39: =if($G$13="Enable",if(BQ39<>"",BQ39,BR39),if(BR39<>"",BR39,BQ39)) | BT39: =if(and($G$13="Enable",$G$19<>""),$G$19,$G$8) | BU39: =if(BS39="",BU38,BT38) | BV39: =if($BP39<>"", if($G$9="Male", if(and($G$5="lb",$BT39<20),1, if(and($G$5="lb",$BT39>=20,$BT39<=25),0.8, if(and($G$5="lb",$BT39>25),0.73, if(and($G$5="kg",$BT39<20),2.2, if(and($G$5="kg",$BT39>=20,$BT39<=25),1.76, if(and($G$5="kg",$BT39>25),1.606)))))), if($G$9="Female", if(and($G$5="lb",$BT39<=25),1, if(and($G$5="lb",$BT39>25),0.8, if(and($G$5="kg",$BT39<=25),2.2, if(and($G$5="kg",$BT39>25),1.76,"")))),""))) -> FALSE | BW39: =if($BP39<>"",$BP39*BV39,"") | BX39: =if($BP39<>"", if($G$9="Male", if(and($G$5="lb",$BT39<20),0.8, if(and($G$5="lb",$BT39>=20),0.73, if(and($G$5="kg",$BT39<20),1.76, if(and($G$5="kg",$BT39>=20),1.606)))), if($G$9="Female", if($G$5="lb",0.8,1.76),""))) -> FALSE | BY39: =if($BP39<>"", if($G$9="Male", if(and($G$5="lb",$BT39<20),1.2, if(and($G$5="lb",$BT39>=20),1, if(and($G$5="kg",$BT39<20),2.64, if(and($G$5="kg",$BT39>=20),2.2)))), if($G$9="Female", if($G$5="lb",1.4,3.08),""))) -> FALSE | BZ39: =if(BW39<>BW38,BP39*BX39,BZ38) -> 0 | CA39: =if(BW39<>BW38,BP39*BY39,CA38) -> 0
B40: =IF(B38="","",B38+7) | D40: =D38 -> Weight | L40: =if(counta(E40:K40)=0,"",AVERAGE(E40:K40)) | Q40: =BL40 | S40: =IFERROR(__xludf.DUMMYFUNCTION("IF(L40="""","""",(L40-index(filter($L$36:L38,$L$36:L38<>"""",ISEVEN(row($L$36:L38))),count(filter($L$36:L38,$L$36:L38<>"""",iseven(row($L$36:L38)))),1)))"),"") | U40: =if(BD$24=FALSE,"",IF(L40="","",BC40)) | W40: =IF(count(S40:S41)>1,1,0) -> 0 | X40: =if(Y40="","","Week 3") | Y40: =IF(S40="","",text(B40,"MMM-YY")) | AB40: =B44 | AC40: =AB40 | AD40: =AC40+1 -> 1 | AE40: =AD40+1 -> 2 | AF40: =AE40+1 -> 3 | AG40: =AF40+1 -> 4 | AH40: =AG40+1 -> 5 | AI40: =AH40+1 -> 6 | AJ40: =AJ38+1 -> 3 | AK40: 2 | AL40: =COUNT(AP40:AV40) -> 0 | AM40: =IF(K40="",AM38,K40) | AP40: =IF(COUNT($E40:$K40)<1,"",IF(E40="",AQ34,E40)) | AQ40: =IF(F40="",AP40,F40) | AR40: =IF(G40="",AQ40,G40) | AS40: =IF(H40="",AR40,H40) | AT40: =IF(I40="",AS40,I40) | AU40: =IF(J40="",AT40,J40) | AV40: =IF(K40="",AU40,K40) | AW40: =IF(AL40=0,AW38,average(AP40:AV40)) | AX40: =if(AND(AW40=AX$34,$AL40>0),ROW(),0) -> 0 | AY40: =if(AND(AW40=AY$34,$AL40>0),ROW(),0) -> 0 | AZ40: =IF(AW40="","",AW40-AW38) | BA40: =if(BB40>0,row(),0) -> 40 | BB40: =max(if(E40=AW$30,COLUMN(E40),0),if(F40=AW$30,COLUMN(F40),0),if(G40=AW$30,COLUMN(G40),0),if(H40=AW$30,COLUMN(H40),0),if(I40=AW$30,COLUMN(I40),0),if(J40=AW$30,COLUMN(J40),0),if(K40=AW$30,COLUMN(K40),0)) -> 11 | BC40: =IF(BD40="","",IF(AZ40="","",BD40)) | BD40: =IF(AL40=0,BD38,IF(AL41=0,BD38,((AW41+(((-AZ40)*$BD$7)/AL41)+sum($BE$38:BE38))/AK40))) -> 0 | BE40: =IF(AL40=0,BE38,IF(AL41=0,BE38,AW41+(((-AZ40)*$BD$7)/AL41))) -> 0 | BJ40: =text(B40,"YYYY MMM") | BL40: =if($G$13="Disable","", if($G$9="","",if(and($G$9="Male",count($N40:$O40)<>2),"", if(and($G$9="Male",count($N40:$O40)=2),round(if($N40="","", if($G$14="cm",86.01*log($N40-$O40)-70.041*log($G$15)+30.3, if($G$14="inch",86.01*log(($N40-$O40)*2.54)-70.041*log($G$15*2.54)+30.3))),0), if(and($G$9="Female",count($N40:$P40)<>3),"", if(and($G$9="Female",count($N40:$P40)=3),round(if($N40="","", if($G$14="cm",495/(1.29579-0.35004*log10($N40+$P40-$O40)+0.221 * log10($G$15))-450, if($G$14="inch",495/(1.29579-0.35004*log10(($N40+$P40-$O40)*2.54)+0.221 * log10($G$15*2.54))-450))),0))))))) | BO40: =IFERROR(__xludf.DUMMYFUNCTION("""COMPUTED_VALUE"""),"") | BP40: =if(BO40<>"",BO40,BP39) | BQ40: =IFERROR(__xludf.DUMMYFUNCTION("""COMPUTED_VALUE"""),"") | BS40: =if($G$13="Enable",if(BQ40<>"",BQ40,BR40),if(BR40<>"",BR40,BQ40)) | BT40: =if($BP40<>"",if(BS40<>"",BS40,BT39),"") | BU40: =if(BS40="",BU39,BT39) | BV40: =if($BP40<>"", if($G$9="Male", if(and($G$5="lb",$BT40<20),1, if(and($G$5="lb",$BT40>=20,$BT40<=25),0.8, if(and($G$5="lb",$BT40>25),0.73, if(and($G$5="kg",$BT40<20),2.2, if(and($G$5="kg",$BT40>=20,$BT40<=25),1.76, if(and($G$5="kg",$BT40>25),1.606)))))), if($G$9="Female", if(and($G$5="lb",$BT40<=25),1, if(and($G$5="lb",$BT40>25),0.8, if(and($G$5="kg",$BT40<=25),2.2, if(and($G$5="kg",$BT40>25),1.76,"")))),""))) -> FALSE | BW40: =if($BP40<>"",if(abs(($BP40*$BV40)-$BW39)>=5,$BP40*$BV40,$BW39),"") | BX40: =if($BP40<>"", if($G$9="Male", if(and($G$5="lb",$BT40<20),0.8, if(and($G$5="lb",$BT40>=20),0.73, if(and($G$5="kg",$BT40<20),1.76, if(and($G$5="kg",$BT40>=20),1.606)))), if($G$9="Female", if($G$5="lb",0.8,1.76),""))) -> FALSE | BY40: =if($BP40<>"", if($G$9="Male", if(and($G$5="lb",$BT40<20),1.2, if(and($G$5="lb",$BT40>=20),1, if(and($G$5="kg",$BT40<20),2.64, if(and($G$5="kg",$BT40>=20),2.2)))), if($G$9="Female", if($G$5="lb",1.4,3.08),""))) -> FALSE | BZ40: =if(BW40<>BW39,BP40*BX40,BZ39) -> 0 | CA40: =if(BW40<>BW39,BP40*BY40,CA39) -> 0
D41: =D39 -> Calories | L41: =if(counta(E41:K41)=0,"",AVERAGE(E41:K41)) | AB41: =B46 | AC41: =AB41 | AD41: =AC41+1 -> 1 | AE41: =AD41+1 -> 2 | AF41: =AE41+1 -> 3 | AG41: =AF41+1 -> 4 | AH41: =AG41+1 -> 5 | AI41: =AH41+1 -> 6 | AJ41: =AJ40+0.5 -> 3.5 | AL41: =COUNT(AP41:AV41) -> 0 | AM41: =AM40 | AP41: =IF(COUNT($E41:$K41)<1,"",IF(E41="",AQ35,E41)) | AQ41: =IF(F41="",AP41,F41) | AR41: =IF(G41="",AQ41,G41) | AS41: =IF(H41="",AR41,H41) | AT41: =IF(I41="",AS41,I41) | AU41: =IF(J41="",AT41,J41) | AV41: =IF(K41="",AU41,K41) | AW41: =IF(AL41=0,AW39,average(AP41:AV41)) | BO41: =IFERROR(__xludf.DUMMYFUNCTION("""COMPUTED_VALUE"""),"") | BP41: =if(BO41<>"",BO41,BP40) | BQ41: =IFERROR(__xludf.DUMMYFUNCTION("""COMPUTED_VALUE"""),"") | BS41: =if($G$13="Enable",if(BQ41<>"",BQ41,BR41),if(BR41<>"",BR41,BQ41)) | BT41: =if($BP41<>"",if(BS41<>"",BS41,BT40),"") | BU41: =if(BS41="",BU40,BT40) | BV41: =if($BP41<>"", if($G$9="Male", if(and($G$5="lb",$BT41<20),1, if(and($G$5="lb",$BT41>=20,$BT41<=25),0.8, if(and($G$5="lb",$BT41>25),0.73, if(and($G$5="kg",$BT41<20),2.2, if(and($G$5="kg",$BT41>=20,$BT41<=25),1.76, if(and($G$5="kg",$BT41>25),1.606)))))), if($G$9="Female", if(and($G$5="lb",$BT41<=25),1, if(and($G$5="lb",$BT41>25),0.8, if(and($G$5="kg",$BT41<=25),2.2, if(and($G$5="kg",$BT41>25),1.76,"")))),""))) -> FALSE | BW41: =if($BP41<>"",if(abs(($BP41*$BV41)-$BW40)>=5,$BP41*$BV41,$BW40),"") | BX41: =if($BP41<>"", if($G$9="Male", if(and($G$5="lb",$BT41<20),0.8, if(and($G$5="lb",$BT41>=20),0.73, if(and($G$5="kg",$BT41<20),1.76, if(and($G$5="kg",$BT41>=20),1.606)))), if($G$9="Female", if($G$5="lb",0.8,1.76),""))) -> FALSE | BY41: =if($BP41<>"", if($G$9="Male", if(and($G$5="lb",$BT41<20),1.2, if(and($G$5="lb",$BT41>=20),1, if(and($G$5="kg",$BT41<20),2.64, if(and($G$5="kg",$BT41>=20),2.2)))), if($G$9="Female", if($G$5="lb",1.4,3.08),""))) -> FALSE | BZ41: =if(BW41<>BW40,BP41*BX41,BZ40) -> 0 | CA41: =if(BW41<>BW40,BP41*BY41,CA40) -> 0
B42: =IF(B40="","",B40+7) | D42: =D40 -> Weight | L42: =if(counta(E42:K42)=0,"",AVERAGE(E42:K42)) | Q42: =BL42 | S42: =IFERROR(__xludf.DUMMYFUNCTION("IF(L42="""","""",(L42-index(filter($L$36:L40,$L$36:L40<>"""",ISEVEN(row($L$36:L40))),count(filter($L$36:L40,$L$36:L40<>"""",iseven(row($L$36:L40)))),1)))"),"") | U42: =if(BD$24=FALSE,"",IF(L42="","",BC42)) | W42: =IF(count(S42:S43)>1,1,0) -> 0 | X42: =if(Y42="","","Week 4") | Y42: =IF(S42="","",text(B42,"MMM-YY")) | AC42: =AB42 | AD42: =AC42+1 -> 1 | AE42: =AD42+1 -> 2 | AF42: =AE42+1 -> 3 | AG42: =AF42+1 -> 4 | AH42: =AG42+1 -> 5 | AI42: =AH42+1 -> 6 | AJ42: =AJ40+1 -> 4 | AK42: 3 | AL42: =COUNT(AP42:AV42) -> 0 | AM42: =IF(K42="",AM40,K42) | AP42: =IF(COUNT($E42:$K42)<1,"",IF(E42="",AQ36,E42)) | AQ42: =IF(F42="",AP42,F42) | AR42: =IF(G42="",AQ42,G42) | AS42: =IF(H42="",AR42,H42) | AT42: =IF(I42="",AS42,I42) | AU42: =IF(J42="",AT42,J42) | AV42: =IF(K42="",AU42,K42) | AW42: =IF(AL42=0,AW40,average(AP42:AV42)) | AX42: =if(AND(AW42=AX$34,$AL42>0),ROW(),0) -> 0 | AY42: =if(AND(AW42=AY$34,$AL42>0),ROW(),0) -> 0 | AZ42: =IF(AW42="","",AW42-AW40) | BA42: =if(BB42>0,row(),0) -> 42 | BB42: =max(if(E42=AW$30,COLUMN(E42),0),if(F42=AW$30,COLUMN(F42),0),if(G42=AW$30,COLUMN(G42),0),if(H42=AW$30,COLUMN(H42),0),if(I42=AW$30,COLUMN(I42),0),if(J42=AW$30,COLUMN(J42),0),if(K42=AW$30,COLUMN(K42),0)) -> 11 | BC42: =IF(BD42="","",IF(AZ42="","",BD42)) | BD42: =IF(AL42=0,BD40,IF(AL43=0,BD40,((AW43+(((-AZ42)*$BD$7)/AL43)+sum($BE$38:BE40))/AK42))) -> 0 | BE42: =IF(AL42=0,BE40,IF(AL43=0,BE40,AW43+(((-AZ42)*$BD$7)/AL43))) -> 0 | BJ42: =text(B42,"YYYY MMM") | BL42: =if($G$13="Disable","", if($G$9="","",if(and($G$9="Male",count($N42:$O42)<>2),"", if(and($G$9="Male",count($N42:$O42)=2),round(if($N42="","", if($G$14="cm",86.01*log($N42-$O42)-70.041*log($G$15)+30.3, if($G$14="inch",86.01*log(($N42-$O42)*2.54)-70.041*log($G$15*2.54)+30.3))),0), if(and($G$9="Female",count($N42:$P42)<>3),"", if(and($G$9="Female",count($N42:$P42)=3),round(if($N42="","", if($G$14="cm",495/(1.29579-0.35004*log10($N42+$P42-$O42)+0.221 * log10($G$15))-450, if($G$14="inch",495/(1.29579-0.35004*log10(($N42+$P42-$O42)*2.54)+0.221 * log10($G$15*2.54))-450))),0))))))) | BO42: =IFERROR(__xludf.DUMMYFUNCTION("""COMPUTED_VALUE"""),"") | BP42: =if(BO42<>"",BO42,BP41) | BQ42: =IFERROR(__xludf.DUMMYFUNCTION("""COMPUTED_VALUE"""),"") | BS42: =if($G$13="Enable",if(BQ42<>"",BQ42,BR42),if(BR42<>"",BR42,BQ42)) | BT42: =if($BP42<>"",if(BS42<>"",BS42,BT41),"") | BU42: =if(BS42="",BU41,BT41) | BV42: =if($BP42<>"", if($G$9="Male", if(and($G$5="lb",$BT42<20),1, if(and($G$5="lb",$BT42>=20,$BT42<=25),0.8, if(and($G$5="lb",$BT42>25),0.73, if(and($G$5="kg",$BT42<20),2.2, if(and($G$5="kg",$BT42>=20,$BT42<=25),1.76, if(and($G$5="kg",$BT42>25),1.606)))))), if($G$9="Female", if(and($G$5="lb",$BT42<=25),1, if(and($G$5="lb",$BT42>25),0.8, if(and($G$5="kg",$BT42<=25),2.2, if(and($G$5="kg",$BT42>25),1.76,"")))),""))) -> FALSE | BW42: =if($BP42<>"",if(abs(($BP42*$BV42)-$BW41)>=5,$BP42*$BV42,$BW41),"") | BX42: =if($BP42<>"", if($G$9="Male", if(and($G$5="lb",$BT42<20),0.8, if(and($G$5="lb",$BT42>=20),0.73, if(and($G$5="kg",$BT42<20),1.76, if(and($G$5="kg",$BT42>=20),1.606)))), if($G$9="Female", if($G$5="lb",0.8,1.76),""))) -> FALSE | BY42: =if($BP42<>"", if($G$9="Male", if(and($G$5="lb",$BT42<20),1.2, if(and($G$5="lb",$BT42>=20),1, if(and($G$5="kg",$BT42<20),2.64, if(and($G$5="kg",$BT42>=20),2.2)))), if($G$9="Female", if($G$5="lb",1.4,3.08),""))) -> FALSE | BZ42: =if(BW42<>BW41,BP42*BX42,BZ41) -> 0 | CA42: =if(BW42<>BW41,BP42*BY42,CA41) -> 0
D43: =D41 -> Calories | L43: =if(counta(E43:K43)=0,"",AVERAGE(E43:K43)) | AC43: =AB43 | AD43: =AC43+1 -> 1 | AE43: =AD43+1 -> 2 | AF43: =AE43+1 -> 3 | AG43: =AF43+1 -> 4 | AH43: =AG43+1 -> 5 | AI43: =AH43+1 -> 6 | AJ43: =AJ42+0.5 -> 4.5 | AL43: =COUNT(AP43:AV43) -> 0 | AM43: =AM42 | AP43: =IF(COUNT($E43:$K43)<1,"",IF(E43="",AQ37,E43)) | AQ43: =IF(F43="",AP43,F43) | AR43: =IF(G43="",AQ43,G43) | AS43: =IF(H43="",AR43,H43) | AT43: =IF(I43="",AS43,I43) | AU43: =IF(J43="",AT43,J43) | AV43: =IF(K43="",AU43,K43) | AW43: =IF(AL43=0,AW41,average(AP43:AV43)) | BO43: =IFERROR(__xludf.DUMMYFUNCTION("""COMPUTED_VALUE"""),"") | BP43: =if(BO43<>"",BO43,BP42) | BQ43: =IFERROR(__xludf.DUMMYFUNCTION("""COMPUTED_VALUE"""),"") | BS43: =if($G$13="Enable",if(BQ43<>"",BQ43,BR43),if(BR43<>"",BR43,BQ43)) | BT43: =if($BP43<>"",if(BS43<>"",BS43,BT42),"") | BU43: =if(BS43="",BU42,BT42) | BV43: =if($BP43<>"", if($G$9="Male", if(and($G$5="lb",$BT43<20),1, if(and($G$5="lb",$BT43>=20,$BT43<=25),0.8, if(and($G$5="lb",$BT43>25),0.73, if(and($G$5="kg",$BT43<20),2.2, if(and($G$5="kg",$BT43>=20,$BT43<=25),1.76, if(and($G$5="kg",$BT43>25),1.606)))))), if($G$9="Female", if(and($G$5="lb",$BT43<=25),1, if(and($G$5="lb",$BT43>25),0.8, if(and($G$5="kg",$BT43<=25),2.2, if(and($G$5="kg",$BT43>25),1.76,"")))),""))) -> FALSE | BW43: =if($BP43<>"",if(abs(($BP43*$BV43)-$BW42)>=5,$BP43*$BV43,$BW42),"") | BX43: =if($BP43<>"", if($G$9="Male", if(and($G$5="lb",$BT43<20),0.8, if(and($G$5="lb",$BT43>=20),0.73, if(and($G$5="kg",$BT43<20),1.76, if(and($G$5="kg",$BT43>=20),1.606)))), if($G$9="Female", if($G$5="lb",0.8,1.76),""))) -> FALSE | BY43: =if($BP43<>"", if($G$9="Male", if(and($G$5="lb",$BT43<20),1.2, if(and($G$5="lb",$BT43>=20),1, if(and($G$5="kg",$BT43<20),2.64, if(and($G$5="kg",$BT43>=20),2.2)))), if($G$9="Female", if($G$5="lb",1.4,3.08),""))) -> FALSE | BZ43: =if(BW43<>BW42,BP43*BX43,BZ42) -> 0 | CA43: =if(BW43<>BW42,BP43*BY43,CA42) -> 0
B44: =IF(B42="","",B42+7) | D44: =D42 -> Weight | L44: =if(counta(E44:K44)=0,"",AVERAGE(E44:K44)) | Q44: =BL44 | S44: =IFERROR(__xludf.DUMMYFUNCTION("IF(L44="""","""",(L44-index(filter($L$36:L42,$L$36:L42<>"""",ISEVEN(row($L$36:L42))),count(filter($L$36:L42,$L$36:L42<>"""",iseven(row($L$36:L42)))),1)))"),"") | U44: =if(BD$24=FALSE,"",IF(L44="","",BC44)) | W44: =IF(count(S44:S45)>1,1,0) -> 0 | X44: =if(Y44="","","Week 5") | Y44: =IF(S44="","",text(B44,"MMM-YY")) | AC44: =AB44 | AD44: =AC44+1 -> 1 | AE44: =AD44+1 -> 2 | AF44: =AE44+1 -> 3 | AG44: =AF44+1 -> 4 | AH44: =AG44+1 -> 5 | AI44: =AH44+1 -> 6 | AJ44: =AJ42+1 -> 5 | AK44: 4 | AL44: =COUNT(AP44:AV44) -> 0 | AM44: =IF(K44="",AM42,K44) | AP44: =IF(COUNT($E44:$K44)<1,"",IF(E44="",AQ38,E44)) | AQ44: =IF(F44="",AP44,F44) | AR44: =IF(G44="",AQ44,G44) | AS44: =IF(H44="",AR44,H44) | AT44: =IF(I44="",AS44,I44) | AU44: =IF(J44="",AT44,J44) | AV44: =IF(K44="",AU44,K44) | AW44: =IF(AL44=0,AW42,average(AP44:AV44)) | AX44: =if(AND(AW44=AX$34,$AL44>0),ROW(),0) -> 0 | AY44: =if(AND(AW44=AY$34,$AL44>0),ROW(),0) -> 0 | AZ44: =IF(AW44="","",AW44-AW42) | BA44: =if(BB44>0,row(),0) -> 44 | BB44: =max(if(E44=AW$30,COLUMN(E44),0),if(F44=AW$30,COLUMN(F44),0),if(G44=AW$30,COLUMN(G44),0),if(H44=AW$30,COLUMN(H44),0),if(I44=AW$30,COLUMN(I44),0),if(J44=AW$30,COLUMN(J44),0),if(K44=AW$30,COLUMN(K44),0)) -> 11 | BC44: =IF(BD44="","",IF(AZ44="","",BD44)) | BD44: =IF(AL44=0,BD42,IF(AL45=0,BD42,((AW45+(((-AZ44)*$BD$7)/AL45)+sum($BE$38:BE42))/AK44))) -> 0 | BE44: =IF(AL44=0,BE42,IF(AL45=0,BE42,AW45+(((-AZ44)*$BD$7)/AL45))) -> 0 | BJ44: =text(B44,"YYYY MMM") | BL44: =if($G$13="Disable","", if($G$9="","",if(and($G$9="Male",count($N44:$O44)<>2),"", if(and($G$9="Male",count($N44:$O44)=2),round(if($N44="","", if($G$14="cm",86.01*log($N44-$O44)-70.041*log($G$15)+30.3, if($G$14="inch",86.01*log(($N44-$O44)*2.54)-70.041*log($G$15*2.54)+30.3))),0), if(and($G$9="Female",count($N44:$P44)<>3),"", if(and($G$9="Female",count($N44:$P44)=3),round(if($N44="","", if($G$14="cm",495/(1.29579-0.35004*log10($N44+$P44-$O44)+0.221 * log10($G$15))-450, if($G$14="inch",495/(1.29579-0.35004*log10(($N44+$P44-$O44)*2.54)+0.221 * log10($G$15*2.54))-450))),0))))))) | BO44: =IFERROR(__xludf.DUMMYFUNCTION("""COMPUTED_VALUE"""),"") | BP44: =if(BO44<>"",BO44,BP43) | BQ44: =IFERROR(__xludf.DUMMYFUNCTION("""COMPUTED_VALUE"""),"") | BS44: =if($G$13="Enable",if(BQ44<>"",BQ44,BR44),if(BR44<>"",BR44,BQ44)) | BT44: =if($BP44<>"",if(BS44<>"",BS44,BT43),"") | BU44: =if(BS44="",BU43,BT43) | BV44: =if($BP44<>"", if($G$9="Male", if(and($G$5="lb",$BT44<20),1, if(and($G$5="lb",$BT44>=20,$BT44<=25),0.8, if(and($G$5="lb",$BT44>25),0.73, if(and($G$5="kg",$BT44<20),2.2, if(and($G$5="kg",$BT44>=20,$BT44<=25),1.76, if(and($G$5="kg",$BT44>25),1.606)))))), if($G$9="Female", if(and($G$5="lb",$BT44<=25),1, if(and($G$5="lb",$BT44>25),0.8, if(and($G$5="kg",$BT44<=25),2.2, if(and($G$5="kg",$BT44>25),1.76,"")))),""))) -> FALSE | BW44: =if($BP44<>"",if(abs(($BP44*$BV44)-$BW43)>=5,$BP44*$BV44,$BW43),"") | BX44: =if($BP44<>"", if($G$9="Male", if(and($G$5="lb",$BT44<20),0.8, if(and($G$5="lb",$BT44>=20),0.73, if(and($G$5="kg",$BT44<20),1.76, if(and($G$5="kg",$BT44>=20),1.606)))), if($G$9="Female", if($G$5="lb",0.8,1.76),""))) -> FALSE | BY44: =if($BP44<>"", if($G$9="Male", if(and($G$5="lb",$BT44<20),1.2, if(and($G$5="lb",$BT44>=20),1, if(and($G$5="kg",$BT44<20),2.64, if(and($G$5="kg",$BT44>=20),2.2)))), if($G$9="Female", if($G$5="lb",1.4,3.08),""))) -> FALSE | BZ44: =if(BW44<>BW43,BP44*BX44,BZ43) -> 0 | CA44: =if(BW44<>BW43,BP44*BY44,CA43) -> 0
D45: =D43 -> Calories | L45: =if(counta(E45:K45)=0,"",AVERAGE(E45:K45)) | AC45: =AB45 | AD45: =AC45+1 -> 1 | AE45: =AD45+1 -> 2 | AF45: =AE45+1 -> 3 | AG45: =AF45+1 -> 4 | AH45: =AG45+1 -> 5 | AI45: =AH45+1 -> 6 | AJ45: =AJ44+0.5 -> 5.5 | AL45: =COUNT(AP45:AV45) -> 0 | AM45: =AM44 | AP45: =IF(COUNT($E45:$K45)<1,"",IF(E45="",AQ39,E45)) | AQ45: =IF(F45="",AP45,F45) | AR45: =IF(G45="",AQ45,G45) | AS45: =IF(H45="",AR45,H45) | AT45: =IF(I45="",AS45,I45) | AU45: =IF(J45="",AT45,J45) | AV45: =IF(K45="",AU45,K45) | AW45: =IF(AL45=0,AW43,average(AP45:AV45)) | BO45: =IFERROR(__xludf.DUMMYFUNCTION("""COMPUTED_VALUE"""),"") | BP45: =if(BO45<>"",BO45,BP44) | BQ45: =IFERROR(__xludf.DUMMYFUNCTION("""COMPUTED_VALUE"""),"") | BS45: =if($G$13="Enable",if(BQ45<>"",BQ45,BR45),if(BR45<>"",BR45,BQ45)) | BT45: =if($BP45<>"",if(BS45<>"",BS45,BT44),"") | BU45: =if(BS45="",BU44,BT44) | BV45: =if($BP45<>"", if($G$9="Male", if(and($G$5="lb",$BT45<20),1, if(and($G$5="lb",$BT45>=20,$BT45<=25),0.8, if(and($G$5="lb",$BT45>25),0.73, if(and($G$5="kg",$BT45<20),2.2, if(and($G$5="kg",$BT45>=20,$BT45<=25),1.76, if(and($G$5="kg",$BT45>25),1.606)))))), if($G$9="Female", if(and($G$5="lb",$BT45<=25),1, if(and($G$5="lb",$BT45>25),0.8, if(and($G$5="kg",$BT45<=25),2.2, if(and($G$5="kg",$BT45>25),1.76,"")))),""))) -> FALSE | BW45: =if($BP45<>"",if(abs(($BP45*$BV45)-$BW44)>=5,$BP45*$BV45,$BW44),"") | BX45: =if($BP45<>"", if($G$9="Male", if(and($G$5="lb",$BT45<20),0.8, if(and($G$5="lb",$BT45>=20),0.73, if(and($G$5="kg",$BT45<20),1.76, if(and($G$5="kg",$BT45>=20),1.606)))), if($G$9="Female", if($G$5="lb",0.8,1.76),""))) -> FALSE | BY45: =if($BP45<>"", if($G$9="Male", if(and($G$5="lb",$BT45<20),1.2, if(and($G$5="lb",$BT45>=20),1, if(and($G$5="kg",$BT45<20),2.64, if(and($G$5="kg",$BT45>=20),2.2)))), if($G$9="Female", if($G$5="lb",1.4,3.08),""))) -> FALSE | BZ45: =if(BW45<>BW44,BP45*BX45,BZ44) -> 0 | CA45: =if(BW45<>BW44,BP45*BY45,CA44) -> 0
B46: =IF(B44="","",B44+7) | D46: =D44 -> Weight | L46: =if(counta(E46:K46)=0,"",AVERAGE(E46:K46)) | Q46: =BL46 | S46: =IFERROR(__xludf.DUMMYFUNCTION("IF(L46="""","""",(L46-index(filter($L$36:L44,$L$36:L44<>"""",ISEVEN(row($L$36:L44))),count(filter($L$36:L44,$L$36:L44<>"""",iseven(row($L$36:L44)))),1)))"),"") | U46: =if(BD$24=FALSE,"",IF(L46="","",BC46)) | W46: =IF(count(S46:S47)>1,1,0) -> 0 | X46: =if(Y46="","","Week 6") | Y46: =IF(S46="","",text(B46,"MMM-YY")) | AC46: =AB46 | AD46: =AC46+1 -> 1 | AE46: =AD46+1 -> 2 | AF46: =AE46+1 -> 3 | AG46: =AF46+1 -> 4 | AH46: =AG46+1 -> 5 | AI46: =AH46+1 -> 6 | AJ46: =AJ44+1 -> 6 | AK46: 5 | AL46: =COUNT(AP46:AV46) -> 0 | AM46: =IF(K46="",AM44,K46) | AP46: =IF(COUNT($E46:$K46)<1,"",IF(E46="",AQ40,E46)) | AQ46: =IF(F46="",AP46,F46) | AR46: =IF(G46="",AQ46,G46) | AS46: =IF(H46="",AR46,H46) | AT46: =IF(I46="",AS46,I46) | AU46: =IF(J46="",AT46,J46) | AV46: =IF(K46="",AU46,K46) | AW46: =IF(AL46=0,AW44,average(AP46:AV46)) | AX46: =if(AND(AW46=AX$34,$AL46>0),ROW(),0) -> 0 | AY46: =if(AND(AW46=AY$34,$AL46>0),ROW(),0) -> 0 | AZ46: =IF(AW46="","",AW46-AW44) | BA46: =if(BB46>0,row(),0) -> 46 | BB46: =max(if(E46=AW$30,COLUMN(E46),0),if(F46=AW$30,COLUMN(F46),0),if(G46=AW$30,COLUMN(G46),0),if(H46=AW$30,COLUMN(H46),0),if(I46=AW$30,COLUMN(I46),0),if(J46=AW$30,COLUMN(J46),0),if(K46=AW$30,COLUMN(K46),0)) -> 11 | BC46: =IF(BD46="","",IF(AZ46="","",BD46)) | BD46: =IF(AL46=0,BD44,IF(AL47=0,BD44,((AW47+(((-AZ46)*$BD$7)/AL47)+sum($BE$38:BE44))/AK46))) -> 0 | BE46: =IF(AL46=0,BE44,IF(AL47=0,BE44,AW47+(((-AZ46)*$BD$7)/AL47))) -> 0 | BJ46: =text(B46,"YYYY MMM") | BL46: =if($G$13="Disable","", if($G$9="","",if(and($G$9="Male",count($N46:$O46)<>2),"", if(and($G$9="Male",count($N46:$O46)=2),round(if($N46="","", if($G$14="cm",86.01*log($N46-$O46)-70.041*log($G$15)+30.3, if($G$14="inch",86.01*log(($N46-$O46)*2.54)-70.041*log($G$15*2.54)+30.3))),0), if(and($G$9="Female",count($N46:$P46)<>3),"", if(and($G$9="Female",count($N46:$P46)=3),round(if($N46="","", if($G$14="cm",495/(1.29579-0.35004*log10($N46+$P46-$O46)+0.221 * log10($G$15))-450, if($G$14="inch",495/(1.29579-0.35004*log10(($N46+$P46-$O46)*2.54)+0.221 * log10($G$15*2.54))-450))),0))))))) | BO46: =IFERROR(__xludf.DUMMYFUNCTION("""COMPUTED_VALUE"""),"") | BP46: =if(BO46<>"",BO46,BP45) | BQ46: =IFERROR(__xludf.DUMMYFUNCTION("""COMPUTED_VALUE"""),"") | BS46: =if($G$13="Enable",if(BQ46<>"",BQ46,BR46),if(BR46<>"",BR46,BQ46)) | BT46: =if($BP46<>"",if(BS46<>"",BS46,BT45),"") | BU46: =if(BS46="",BU45,BT45) | BV46: =if($BP46<>"", if($G$9="Male", if(and($G$5="lb",$BT46<20),1, if(and($G$5="lb",$BT46>=20,$BT46<=25),0.8, if(and($G$5="lb",$BT46>25),0.73, if(and($G$5="kg",$BT46<20),2.2, if(and($G$5="kg",$BT46>=20,$BT46<=25),1.76, if(and($G$5="kg",$BT46>25),1.606)))))), if($G$9="Female", if(and($G$5="lb",$BT46<=25),1, if(and($G$5="lb",$BT46>25),0.8, if(and($G$5="kg",$BT46<=25),2.2, if(and($G$5="kg",$BT46>25),1.76,"")))),""))) -> FALSE | BW46: =if($BP46<>"",if(abs(($BP46*$BV46)-$BW45)>=5,$BP46*$BV46,$BW45),"") | BX46: =if($BP46<>"", if($G$9="Male", if(and($G$5="lb",$BT46<20),0.8, if(and($G$5="lb",$BT46>=20),0.73, if(and($G$5="kg",$BT46<20),1.76, if(and($G$5="kg",$BT46>=20),1.606)))), if($G$9="Female", if($G$5="lb",0.8,1.76),""))) -> FALSE | BY46: =if($BP46<>"", if($G$9="Male", if(and($G$5="lb",$BT46<20),1.2, if(and($G$5="lb",$BT46>=20),1, if(and($G$5="kg",$BT46<20),2.64, if(and($G$5="kg",$BT46>=20),2.2)))), if($G$9="Female", if($G$5="lb",1.4,3.08),""))) -> FALSE | BZ46: =if(BW46<>BW45,BP46*BX46,BZ45) -> 0 | CA46: =if(BW46<>BW45,BP46*BY46,CA45) -> 0
D47: =D45 -> Calories | L47: =if(counta(E47:K47)=0,"",AVERAGE(E47:K47)) | AC47: =AB47 | AD47: =AC47+1 -> 1 | AE47: =AD47+1 -> 2 | AF47: =AE47+1 -> 3 | AG47: =AF47+1 -> 4 | AH47: =AG47+1 -> 5 | AI47: =AH47+1 -> 6 | AJ47: =AJ46+0.5 -> 6.5 | AL47: =COUNT(AP47:AV47) -> 0 | AM47: =AM46 | AP47: =IF(COUNT($E47:$K47)<1,"",IF(E47="",AQ41,E47)) | AQ47: =IF(F47="",AP47,F47) | AR47: =IF(G47="",AQ47,G47) | AS47: =IF(H47="",AR47,H47) | AT47: =IF(I47="",AS47,I47) | AU47: =IF(J47="",AT47,J47) | AV47: =IF(K47="",AU47,K47) | AW47: =IF(AL47=0,AW45,average(AP47:AV47)) | BO47: =IFERROR(__xludf.DUMMYFUNCTION("""COMPUTED_VALUE"""),"") | BP47: =if(BO47<>"",BO47,BP46) | BQ47: =IFERROR(__xludf.DUMMYFUNCTION("""COMPUTED_VALUE"""),"") | BS47: =if($G$13="Enable",if(BQ47<>"",BQ47,BR47),if(BR47<>"",BR47,BQ47)) | BT47: =if($BP47<>"",if(BS47<>"",BS47,BT46),"") | BU47: =if(BS47="",BU46,BT46) | BV47: =if($BP47<>"", if($G$9="Male", if(and($G$5="lb",$BT47<20),1, if(and($G$5="lb",$BT47>=20,$BT47<=25),0.8, if(and($G$5="lb",$BT47>25),0.73, if(and($G$5="kg",$BT47<20),2.2, if(and($G$5="kg",$BT47>=20,$BT47<=25),1.76, if(and($G$5="kg",$BT47>25),1.606)))))), if($G$9="Female", if(and($G$5="lb",$BT47<=25),1, if(and($G$5="lb",$BT47>25),0.8, if(and($G$5="kg",$BT47<=25),2.2, if(and($G$5="kg",$BT47>25),1.76,"")))),""))) -> FALSE | BW47: =if($BP47<>"",if(abs(($BP47*$BV47)-$BW46)>=5,$BP47*$BV47,$BW46),"") | BX47: =if($BP47<>"", if($G$9="Male", if(and($G$5="lb",$BT47<20),0.8, if(and($G$5="lb",$BT47>=20),0.73, if(and($G$5="kg",$BT47<20),1.76, if(and($G$5="kg",$BT47>=20),1.606)))), if($G$9="Female", if($G$5="lb",0.8,1.76),""))) -> FALSE | BY47: =if($BP47<>"", if($G$9="Male", if(and($G$5="lb",$BT47<20),1.2, if(and($G$5="lb",$BT47>=20),1, if(and($G$5="kg",$BT47<20),2.64, if(and($G$5="kg",$BT47>=20),2.2)))), if($G$9="Female", if($G$5="lb",1.4,3.08),""))) -> FALSE | BZ47: =if(BW47<>BW46,BP47*BX47,BZ46) -> 0 | CA47: =if(BW47<>BW46,BP47*BY47,CA46) -> 0
B48: =IF(B46="","",B46+7) | D48: =D46 -> Weight | L48: =if(counta(E48:K48)=0,"",AVERAGE(E48:K48)) | Q48: =BL48 | S48: =IFERROR(__xludf.DUMMYFUNCTION("IF(L48="""","""",(L48-index(filter($L$36:L46,$L$36:L46<>"""",ISEVEN(row($L$36:L46))),count(filter($L$36:L46,$L$36:L46<>"""",iseven(row($L$36:L46)))),1)))"),"") | U48: =if(BD$24=FALSE,"",IF(L48="","",BC48)) | W48: =IF(count(S48:S49)>1,1,0) -> 0 | X48: =if(Y48="","","Week 7") | Y48: =IF(S48="","",text(B48,"MMM-YY")) | AC48: =AB48 | AD48: =AC48+1 -> 1 | AE48: =AD48+1 -> 2 | AF48: =AE48+1 -> 3 | AG48: =AF48+1 -> 4 | AH48: =AG48+1 -> 5 | AI48: =AH48+1 -> 6 | AJ48: =AJ46+1 -> 7 | AK48: 6 | AL48: =COUNT(AP48:AV48) -> 0 | AM48: =IF(K48="",AM46,K48) | AP48: =IF(COUNT($E48:$K48)<1,"",IF(E48="",AQ42,E48)) | AQ48: =IF(F48="",AP48,F48) | AR48: =IF(G48="",AQ48,G48) | AS48: =IF(H48="",AR48,H48) | AT48: =IF(I48="",AS48,I48) | AU48: =IF(J48="",AT48,J48) | AV48: =IF(K48="",AU48,K48) | AW48: =IF(AL48=0,AW46,average(AP48:AV48)) | AX48: =if(AND(AW48=AX$34,$AL48>0),ROW(),0) -> 0 | AY48: =if(AND(AW48=AY$34,$AL48>0),ROW(),0) -> 0 | AZ48: =IF(AW48="","",AW48-AW46) | BA48: =if(BB48>0,row(),0) -> 48 | BB48: =max(if(E48=AW$30,COLUMN(E48),0),if(F48=AW$30,COLUMN(F48),0),if(G48=AW$30,COLUMN(G48),0),if(H48=AW$30,COLUMN(H48),0),if(I48=AW$30,COLUMN(I48),0),if(J48=AW$30,COLUMN(J48),0),if(K48=AW$30,COLUMN(K48),0)) -> 11 | BC48: =IF(BD48="","",IF(AZ48="","",BD48)) | BD48: =IF(AL48=0,BD46,IF(AL49=0,BD46,((AW49+(((-AZ48)*$BD$7)/AL49)+sum($BE$38:BE46))/AK48))) -> 0 | BE48: =IF(AL48=0,BE46,IF(AL49=0,BE46,AW49+(((-AZ48)*$BD$7)/AL49))) -> 0 | BJ48: =text(B48,"YYYY MMM") | BL48: =if($G$13="Disable","", if($G$9="","",if(and($G$9="Male",count($N48:$O48)<>2),"", if(and($G$9="Male",count($N48:$O48)=2),round(if($N48="","", if($G$14="cm",86.01*log($N48-$O48)-70.041*log($G$15)+30.3, if($G$14="inch",86.01*log(($N48-$O48)*2.54)-70.041*log($G$15*2.54)+30.3))),0), if(and($G$9="Female",count($N48:$P48)<>3),"", if(and($G$9="Female",count($N48:$P48)=3),round(if($N48="","", if($G$14="cm",495/(1.29579-0.35004*log10($N48+$P48-$O48)+0.221 * log10($G$15))-450, if($G$14="inch",495/(1.29579-0.35004*log10(($N48+$P48-$O48)*2.54)+0.221 * log10($G$15*2.54))-450))),0))))))) | BO48: =IFERROR(__xludf.DUMMYFUNCTION("""COMPUTED_VALUE"""),"") | BP48: =if(BO48<>"",BO48,BP47) | BQ48: =IFERROR(__xludf.DUMMYFUNCTION("""COMPUTED_VALUE"""),"") | BS48: =if($G$13="Enable",if(BQ48<>"",BQ48,BR48),if(BR48<>"",BR48,BQ48)) | BT48: =if($BP48<>"",if(BS48<>"",BS48,BT47),"") | BU48: =if(BS48="",BU47,BT47) | BV48: =if($BP48<>"", if($G$9="Male", if(and($G$5="lb",$BT48<20),1, if(and($G$5="lb",$BT48>=20,$BT48<=25),0.8, if(and($G$5="lb",$BT48>25),0.73, if(and($G$5="kg",$BT48<20),2.2, if(and($G$5="kg",$BT48>=20,$BT48<=25),1.76, if(and($G$5="kg",$BT48>25),1.606)))))), if($G$9="Female", if(and($G$5="lb",$BT48<=25),1, if(and($G$5="lb",$BT48>25),0.8, if(and($G$5="kg",$BT48<=25),2.2, if(and($G$5="kg",$BT48>25),1.76,"")))),""))) -> FALSE | BW48: =if($BP48<>"",if(abs(($BP48*$BV48)-$BW47)>=5,$BP48*$BV48,$BW47),"") | BX48: =if($BP48<>"", if($G$9="Male", if(and($G$5="lb",$BT48<20),0.8, if(and($G$5="lb",$BT48>=20),0.73, if(and($G$5="kg",$BT48<20),1.76, if(and($G$5="kg",$BT48>=20),1.606)))), if($G$9="Female", if($G$5="lb",0.8,1.76),""))) -> FALSE | BY48: =if($BP48<>"", if($G$9="Male", if(and($G$5="lb",$BT48<20),1.2, if(and($G$5="lb",$BT48>=20),1, if(and($G$5="kg",$BT48<20),2.64, if(and($G$5="kg",$BT48>=20),2.2)))), if($G$9="Female", if($G$5="lb",1.4,3.08),""))) -> FALSE | BZ48: =if(BW48<>BW47,BP48*BX48,BZ47) -> 0 | CA48: =if(BW48<>BW47,BP48*BY48,CA47) -> 0
D49: =D47 -> Calories | L49: =if(counta(E49:K49)=0,"",AVERAGE(E49:K49)) | AC49: =AB49 | AD49: =AC49+1 -> 1 | AE49: =AD49+1 -> 2 | AF49: =AE49+1 -> 3 | AG49: =AF49+1 -> 4 | AH49: =AG49+1 -> 5 | AI49: =AH49+1 -> 6 | AJ49: =AJ48+0.5 -> 7.5 | AL49: =COUNT(AP49:AV49) -> 0 | AM49: =AM48 | AP49: =IF(COUNT($E49:$K49)<1,"",IF(E49="",AQ43,E49)) | AQ49: =IF(F49="",AP49,F49) | AR49: =IF(G49="",AQ49,G49) | AS49: =IF(H49="",AR49,H49) | AT49: =IF(I49="",AS49,I49) | AU49: =IF(J49="",AT49,J49) | AV49: =IF(K49="",AU49,K49) | AW49: =IF(AL49=0,AW47,average(AP49:AV49)) | BO49: =IFERROR(__xludf.DUMMYFUNCTION("""COMPUTED_VALUE"""),"") | BP49: =if(BO49<>"",BO49,BP48) | BQ49: =IFERROR(__xludf.DUMMYFUNCTION("""COMPUTED_VALUE"""),"") | BS49: =if($G$13="Enable",if(BQ49<>"",BQ49,BR49),if(BR49<>"",BR49,BQ49)) | BT49: =if($BP49<>"",if(BS49<>"",BS49,BT48),"") | BU49: =if(BS49="",BU48,BT48) | BV49: =if($BP49<>"", if($G$9="Male", if(and($G$5="lb",$BT49<20),1, if(and($G$5="lb",$BT49>=20,$BT49<=25),0.8, if(and($G$5="lb",$BT49>25),0.73, if(and($G$5="kg",$BT49<20),2.2, if(and($G$5="kg",$BT49>=20,$BT49<=25),1.76, if(and($G$5="kg",$BT49>25),1.606)))))), if($G$9="Female", if(and($G$5="lb",$BT49<=25),1, if(and($G$5="lb",$BT49>25),0.8, if(and($G$5="kg",$BT49<=25),2.2, if(and($G$5="kg",$BT49>25),1.76,"")))),""))) -> FALSE | BW49: =if($BP49<>"",if(abs(($BP49*$BV49)-$BW48)>=5,$BP49*$BV49,$BW48),"") | BX49: =if($BP49<>"", if($G$9="Male", if(and($G$5="lb",$BT49<20),0.8, if(and($G$5="lb",$BT49>=20),0.73, if(and($G$5="kg",$BT49<20),1.76, if(and($G$5="kg",$BT49>=20),1.606)))), if($G$9="Female", if($G$5="lb",0.8,1.76),""))) -> FALSE | BY49: =if($BP49<>"", if($G$9="Male", if(and($G$5="lb",$BT49<20),1.2, if(and($G$5="lb",$BT49>=20),1, if(and($G$5="kg",$BT49<20),2.64, if(and($G$5="kg",$BT49>=20),2.2)))), if($G$9="Female", if($G$5="lb",1.4,3.08),""))) -> FALSE | BZ49: =if(BW49<>BW48,BP49*BX49,BZ48) -> 0 | CA49: =if(BW49<>BW48,BP49*BY49,CA48) -> 0
B50: =IF(B48="","",B48+7) | D50: =D48 -> Weight | L50: =if(counta(E50:K50)=0,"",AVERAGE(E50:K50)) | Q50: =BL50 | S50: =IFERROR(__xludf.DUMMYFUNCTION("IF(L50="""","""",(L50-index(filter($L$36:L48,$L$36:L48<>"""",ISEVEN(row($L$36:L48))),count(filter($L$36:L48,$L$36:L48<>"""",iseven(row($L$36:L48)))),1)))"),"") | U50: =if(BD$24=FALSE,"",IF(L50="","",BC50)) | W50: =IF(count(S50:S51)>1,1,0) -> 0 | X50: =if(Y50="","","Week 8") | Y50: =IF(S50="","",text(B50,"MMM-YY")) | AC50: =AB50 | AD50: =AC50+1 -> 1 | AE50: =AD50+1 -> 2 | AF50: =AE50+1 -> 3 | AG50: =AF50+1 -> 4 | AH50: =AG50+1 -> 5 | AI50: =AH50+1 -> 6 | AJ50: =AJ48+1 -> 8 | AK50: 7 | AL50: =COUNT(AP50:AV50) -> 0 | AM50: =IF(K50="",AM48,K50) | AP50: =IF(COUNT($E50:$K50)<1,"",IF(E50="",AQ44,E50)) | AQ50: =IF(F50="",AP50,F50) | AR50: =IF(G50="",AQ50,G50) | AS50: =IF(H50="",AR50,H50) | AT50: =IF(I50="",AS50,I50) | AU50: =IF(J50="",AT50,J50) | AV50: =IF(K50="",AU50,K50) | AW50: =IF(AL50=0,AW48,average(AP50:AV50)) | AX50: =if(AND(AW50=AX$34,$AL50>0),ROW(),0) -> 0 | AY50: =if(AND(AW50=AY$34,$AL50>0),ROW(),0) -> 0 | AZ50: =IF(AW50="","",AW50-AW48) | BA50: =if(BB50>0,row(),0) -> 50 | BB50: =max(if(E50=AW$30,COLUMN(E50),0),if(F50=AW$30,COLUMN(F50),0),if(G50=AW$30,COLUMN(G50),0),if(H50=AW$30,COLUMN(H50),0),if(I50=AW$30,COLUMN(I50),0),if(J50=AW$30,COLUMN(J50),0),if(K50=AW$30,COLUMN(K50),0)) -> 11 | BC50: =IF(BD50="","",IF(AZ50="","",BD50)) | BD50: =IF(AL50=0,BD48,IF(AL51=0,BD48,((AW51+(((-AZ50)*$BD$7)/AL51)+sum($BE$38:BE48))/AK50))) -> 0 | BE50: =IF(AL50=0,BE48,IF(AL51=0,BE48,AW51+(((-AZ50)*$BD$7)/AL51))) -> 0 | BJ50: =text(B50,"YYYY MMM") | BL50: =if($G$13="Disable","", if($G$9="","",if(and($G$9="Male",count($N50:$O50)<>2),"", if(and($G$9="Male",count($N50:$O50)=2),round(if($N50="","", if($G$14="cm",86.01*log($N50-$O50)-70.041*log($G$15)+30.3, if($G$14="inch",86.01*log(($N50-$O50)*2.54)-70.041*log($G$15*2.54)+30.3))),0), if(and($G$9="Female",count($N50:$P50)<>3),"", if(and($G$9="Female",count($N50:$P50)=3),round(if($N50="","", if($G$14="cm",495/(1.29579-0.35004*log10($N50+$P50-$O50)+0.221 * log10($G$15))-450, if($G$14="inch",495/(1.29579-0.35004*log10(($N50+$P50-$O50)*2.54)+0.221 * log10($G$15*2.54))-450))),0))))))) | BO50: =IFERROR(__xludf.DUMMYFUNCTION("""COMPUTED_VALUE"""),"") | BP50: =if(BO50<>"",BO50,BP49) | BQ50: =IFERROR(__xludf.DUMMYFUNCTION("""COMPUTED_VALUE"""),"") | BS50: =if($G$13="Enable",if(BQ50<>"",BQ50,BR50),if(BR50<>"",BR50,BQ50)) | BT50: =if($BP50<>"",if(BS50<>"",BS50,BT49),"") | BU50: =if(BS50="",BU49,BT49) | BV50: =if($BP50<>"", if($G$9="Male", if(and($G$5="lb",$BT50<20),1, if(and($G$5="lb",$BT50>=20,$BT50<=25),0.8, if(and($G$5="lb",$BT50>25),0.73, if(and($G$5="kg",$BT50<20),2.2, if(and($G$5="kg",$BT50>=20,$BT50<=25),1.76, if(and($G$5="kg",$BT50>25),1.606)))))), if($G$9="Female", if(and($G$5="lb",$BT50<=25),1, if(and($G$5="lb",$BT50>25),0.8, if(and($G$5="kg",$BT50<=25),2.2, if(and($G$5="kg",$BT50>25),1.76,"")))),""))) -> FALSE | BW50: =if($BP50<>"",if(abs(($BP50*$BV50)-$BW49)>=5,$BP50*$BV50,$BW49),"") | BX50: =if($BP50<>"", if($G$9="Male", if(and($G$5="lb",$BT50<20),0.8, if(and($G$5="lb",$BT50>=20),0.73, if(and($G$5="kg",$BT50<20),1.76, if(and($G$5="kg",$BT50>=20),1.606)))), if($G$9="Female", if($G$5="lb",0.8,1.76),""))) -> FALSE | BY50: =if($BP50<>"", if($G$9="Male", if(and($G$5="lb",$BT50<20),1.2, if(and($G$5="lb",$BT50>=20),1, if(and($G$5="kg",$BT50<20),2.64, if(and($G$5="kg",$BT50>=20),2.2)))), if($G$9="Female", if($G$5="lb",1.4,3.08),""))) -> FALSE | BZ50: =if(BW50<>BW49,BP50*BX50,BZ49) -> 0 | CA50: =if(BW50<>BW49,BP50*BY50,CA49) -> 0
D51: =D49 -> Calories | L51: =if(counta(E51:K51)=0,"",AVERAGE(E51:K51)) | AC51: =AB51 | AD51: =AC51+1 -> 1 | AE51: =AD51+1 -> 2 | AF51: =AE51+1 -> 3 | AG51: =AF51+1 -> 4 | AH51: =AG51+1 -> 5 | AI51: =AH51+1 -> 6 | AJ51: =AJ50+0.5 -> 8.5 | AL51: =COUNT(AP51:AV51) -> 0 | AM51: =AM50 | AP51: =IF(COUNT($E51:$K51)<1,"",IF(E51="",AQ45,E51)) | AQ51: =IF(F51="",AP51,F51) | AR51: =IF(G51="",AQ51,G51) | AS51: =IF(H51="",AR51,H51) | AT51: =IF(I51="",AS51,I51) | AU51: =IF(J51="",AT51,J51) | AV51: =IF(K51="",AU51,K51) | AW51: =IF(AL51=0,AW49,average(AP51:AV51)) | BO51: =IFERROR(__xludf.DUMMYFUNCTION("""COMPUTED_VALUE"""),"") | BP51: =if(BO51<>"",BO51,BP50) | BQ51: =IFERROR(__xludf.DUMMYFUNCTION("""COMPUTED_VALUE"""),"") | BS51: =if($G$13="Enable",if(BQ51<>"",BQ51,BR51),if(BR51<>"",BR51,BQ51)) | BT51: =if($BP51<>"",if(BS51<>"",BS51,BT50),"") | BU51: =if(BS51="",BU50,BT50) | BV51: =if($BP51<>"", if($G$9="Male", if(and($G$5="lb",$BT51<20),1, if(and($G$5="lb",$BT51>=20,$BT51<=25),0.8, if(and($G$5="lb",$BT51>25),0.73, if(and($G$5="kg",$BT51<20),2.2, if(and($G$5="kg",$BT51>=20,$BT51<=25),1.76, if(and($G$5="kg",$BT51>25),1.606)))))), if($G$9="Female", if(and($G$5="lb",$BT51<=25),1, if(and($G$5="lb",$BT51>25),0.8, if(and($G$5="kg",$BT51<=25),2.2, if(and($G$5="kg",$BT51>25),1.76,"")))),""))) -> FALSE | BW51: =if($BP51<>"",if(abs(($BP51*$BV51)-$BW50)>=5,$BP51*$BV51,$BW50),"") | BX51: =if($BP51<>"", if($G$9="Male", if(and($G$5="lb",$BT51<20),0.8, if(and($G$5="lb",$BT51>=20),0.73, if(and($G$5="kg",$BT51<20),1.76, if(and($G$5="kg",$BT51>=20),1.606)))), if($G$9="Female", if($G$5="lb",0.8,1.76),""))) -> FALSE | BY51: =if($BP51<>"", if($G$9="Male", if(and($G$5="lb",$BT51<20),1.2, if(and($G$5="lb",$BT51>=20),1, if(and($G$5="kg",$BT51<20),2.64, if(and($G$5="kg",$BT51>=20),2.2)))), if($G$9="Female", if($G$5="lb",1.4,3.08),""))) -> FALSE | BZ51: =if(BW51<>BW50,BP51*BX51,BZ50) -> 0 | CA51: =if(BW51<>BW50,BP51*BY51,CA50) -> 0
B52: =IF(B50="","",B50+7) | D52: =D50 -> Weight | L52: =if(counta(E52:K52)=0,"",AVERAGE(E52:K52)) | Q52: =BL52 | S52: =IFERROR(__xludf.DUMMYFUNCTION("IF(L52="""","""",(L52-index(filter($L$36:L50,$L$36:L50<>"""",ISEVEN(row($L$36:L50))),count(filter($L$36:L50,$L$36:L50<>"""",iseven(row($L$36:L50)))),1)))"),"") | U52: =if(BD$24=FALSE,"",IF(L52="","",BC52)) | W52: =IF(count(S52:S53)>1,1,0) -> 0 | X52: =if(Y52="","","Week 9") | Y52: =IF(S52="","",text(B52,"MMM-YY")) | AC52: =AB52 | AD52: =AC52+1 -> 1 | AE52: =AD52+1 -> 2 | AF52: =AE52+1 -> 3 | AG52: =AF52+1 -> 4 | AH52: =AG52+1 -> 5 | AI52: =AH52+1 -> 6 | AJ52: =AJ50+1 -> 9 | AK52: 8 | AL52: =COUNT(AP52:AV52) -> 0 | AM52: =IF(K52="",AM50,K52) | AP52: =IF(COUNT($E52:$K52)<1,"",IF(E52="",AQ46,E52)) | AQ52: =IF(F52="",AP52,F52) | AR52: =IF(G52="",AQ52,G52) | AS52: =IF(H52="",AR52,H52) | AT52: =IF(I52="",AS52,I52) | AU52: =IF(J52="",AT52,J52) | AV52: =IF(K52="",AU52,K52) | AW52: =IF(AL52=0,AW50,average(AP52:AV52)) | AX52: =if(AND(AW52=AX$34,$AL52>0),ROW(),0) -> 0 | AY52: =if(AND(AW52=AY$34,$AL52>0),ROW(),0) -> 0 | AZ52: =IF(AW52="","",AW52-AW50) | BA52: =if(BB52>0,row(),0) -> 52 | BB52: =max(if(E52=AW$30,COLUMN(E52),0),if(F52=AW$30,COLUMN(F52),0),if(G52=AW$30,COLUMN(G52),0),if(H52=AW$30,COLUMN(H52),0),if(I52=AW$30,COLUMN(I52),0),if(J52=AW$30,COLUMN(J52),0),if(K52=AW$30,COLUMN(K52),0)) -> 11 | BC52: =IF(BD52="","",IF(AZ52="","",BD52)) | BD52: =IF(AL52=0,BD50,IF(AL53=0,BD50,((AW53+(((-AZ52)*$BD$7)/AL53)+sum($BE$38:BE50))/AK52))) -> 0 | BE52: =IF(AL52=0,BE50,IF(AL53=0,BE50,AW53+(((-AZ52)*$BD$7)/AL53))) -> 0 | BJ52: =text(B52,"YYYY MMM") | BL52: =if($G$13="Disable","", if($G$9="","",if(and($G$9="Male",count($N52:$O52)<>2),"", if(and($G$9="Male",count($N52:$O52)=2),round(if($N52="","", if($G$14="cm",86.01*log($N52-$O52)-70.041*log($G$15)+30.3, if($G$14="inch",86.01*log(($N52-$O52)*2.54)-70.041*log($G$15*2.54)+30.3))),0), if(and($G$9="Female",count($N52:$P52)<>3),"", if(and($G$9="Female",count($N52:$P52)=3),round(if($N52="","", if($G$14="cm",495/(1.29579-0.35004*log10($N52+$P52-$O52)+0.221 * log10($G$15))-450, if($G$14="inch",495/(1.29579-0.35004*log10(($N52+$P52-$O52)*2.54)+0.221 * log10($G$15*2.54))-450))),0))))))) | BO52: =IFERROR(__xludf.DUMMYFUNCTION("""COMPUTED_VALUE"""),"") | BP52: =if(BO52<>"",BO52,BP51) | BQ52: =IFERROR(__xludf.DUMMYFUNCTION("""COMPUTED_VALUE"""),"") | BS52: =if($G$13="Enable",if(BQ52<>"",BQ52,BR52),if(BR52<>"",BR52,BQ52)) | BT52: =if($BP52<>"",if(BS52<>"",BS52,BT51),"") | BU52: =if(BS52="",BU51,BT51) | BV52: =if($BP52<>"", if($G$9="Male", if(and($G$5="lb",$BT52<20),1, if(and($G$5="lb",$BT52>=20,$BT52<=25),0.8, if(and($G$5="lb",$BT52>25),0.73, if(and($G$5="kg",$BT52<20),2.2, if(and($G$5="kg",$BT52>=20,$BT52<=25),1.76, if(and($G$5="kg",$BT52>25),1.606)))))), if($G$9="Female", if(and($G$5="lb",$BT52<=25),1, if(and($G$5="lb",$BT52>25),0.8, if(and($G$5="kg",$BT52<=25),2.2, if(and($G$5="kg",$BT52>25),1.76,"")))),""))) -> FALSE | BW52: =if($BP52<>"",if(abs(($BP52*$BV52)-$BW51)>=5,$BP52*$BV52,$BW51),"") | BX52: =if($BP52<>"", if($G$9="Male", if(and($G$5="lb",$BT52<20),0.8, if(and($G$5="lb",$BT52>=20),0.73, if(and($G$5="kg",$BT52<20),1.76, if(and($G$5="kg",$BT52>=20),1.606)))), if($G$9="Female", if($G$5="lb",0.8,1.76),""))) -> FALSE | BY52: =if($BP52<>"", if($G$9="Male", if(and($G$5="lb",$BT52<20),1.2, if(and($G$5="lb",$BT52>=20),1, if(and($G$5="kg",$BT52<20),2.64, if(and($G$5="kg",$BT52>=20),2.2)))), if($G$9="Female", if($G$5="lb",1.4,3.08),""))) -> FALSE | BZ52: =if(BW52<>BW51,BP52*BX52,BZ51) -> 0 | CA52: =if(BW52<>BW51,BP52*BY52,CA51) -> 0
D53: =D51 -> Calories | L53: =if(counta(E53:K53)=0,"",AVERAGE(E53:K53)) | AC53: =AB53 | AD53: =AC53+1 -> 1 | AE53: =AD53+1 -> 2 | AF53: =AE53+1 -> 3 | AG53: =AF53+1 -> 4 | AH53: =AG53+1 -> 5 | AI53: =AH53+1 -> 6 | AJ53: =AJ52+0.5 -> 9.5 | AL53: =COUNT(AP53:AV53) -> 0 | AM53: =AM52 | AP53: =IF(COUNT($E53:$K53)<1,"",IF(E53="",AQ47,E53)) | AQ53: =IF(F53="",AP53,F53) | AR53: =IF(G53="",AQ53,G53) | AS53: =IF(H53="",AR53,H53) | AT53: =IF(I53="",AS53,I53) | AU53: =IF(J53="",AT53,J53) | AV53: =IF(K53="",AU53,K53) | AW53: =IF(AL53=0,AW51,average(AP53:AV53)) | BO53: =IFERROR(__xludf.DUMMYFUNCTION("""COMPUTED_VALUE"""),"") | BP53: =if(BO53<>"",BO53,BP52) | BQ53: =IFERROR(__xludf.DUMMYFUNCTION("""COMPUTED_VALUE"""),"") | BS53: =if($G$13="Enable",if(BQ53<>"",BQ53,BR53),if(BR53<>"",BR53,BQ53)) | BT53: =if($BP53<>"",if(BS53<>"",BS53,BT52),"") | BU53: =if(BS53="",BU52,BT52) | BV53: =if($BP53<>"", if($G$9="Male", if(and($G$5="lb",$BT53<20),1, if(and($G$5="lb",$BT53>=20,$BT53<=25),0.8, if(and($G$5="lb",$BT53>25),0.73, if(and($G$5="kg",$BT53<20),2.2, if(and($G$5="kg",$BT53>=20,$BT53<=25),1.76, if(and($G$5="kg",$BT53>25),1.606)))))), if($G$9="Female", if(and($G$5="lb",$BT53<=25),1, if(and($G$5="lb",$BT53>25),0.8, if(and($G$5="kg",$BT53<=25),2.2, if(and($G$5="kg",$BT53>25),1.76,"")))),""))) -> FALSE | BW53: =if($BP53<>"",if(abs(($BP53*$BV53)-$BW52)>=5,$BP53*$BV53,$BW52),"") | BX53: =if($BP53<>"", if($G$9="Male", if(and($G$5="lb",$BT53<20),0.8, if(and($G$5="lb",$BT53>=20),0.73, if(and($G$5="kg",$BT53<20),1.76, if(and($G$5="kg",$BT53>=20),1.606)))), if($G$9="Female", if($G$5="lb",0.8,1.76),""))) -> FALSE | BY53: =if($BP53<>"", if($G$9="Male", if(and($G$5="lb",$BT53<20),1.2, if(and($G$5="lb",$BT53>=20),1, if(and($G$5="kg",$BT53<20),2.64, if(and($G$5="kg",$BT53>=20),2.2)))), if($G$9="Female", if($G$5="lb",1.4,3.08),""))) -> FALSE | BZ53: =if(BW53<>BW52,BP53*BX53,BZ52) -> 0 | CA53: =if(BW53<>BW52,BP53*BY53,CA52) -> 0
B54: =IF(B52="","",B52+7) | D54: =D52 -> Weight | L54: =if(counta(E54:K54)=0,"",AVERAGE(E54:K54)) | Q54: =BL54 | S54: =IFERROR(__xludf.DUMMYFUNCTION("IF(L54="""","""",(L54-index(filter($L$36:L52,$L$36:L52<>"""",ISEVEN(row($L$36:L52))),count(filter($L$36:L52,$L$36:L52<>"""",iseven(row($L$36:L52)))),1)))"),"") | U54: =if(BD$24=FALSE,"",IF(L54="","",BC54)) | W54: =IF(count(S54:S55)>1,1,0) -> 0 | X54: =if(Y54="","","Week 10") | Y54: =IF(S54="","",text(B54,"MMM-YY")) | AC54: =AB54 | AD54: =AC54+1 -> 1 | AE54: =AD54+1 -> 2 | AF54: =AE54+1 -> 3 | AG54: =AF54+1 -> 4 | AH54: =AG54+1 -> 5 | AI54: =AH54+1 -> 6 | AJ54: =AJ52+1 -> 10 | AK54: 9 | AL54: =COUNT(AP54:AV54) -> 0 | AM54: =IF(K54="",AM52,K54) | AP54: =IF(COUNT($E54:$K54)<1,"",IF(E54="",AQ48,E54)) | AQ54: =IF(F54="",AP54,F54) | AR54: =IF(G54="",AQ54,G54) | AS54: =IF(H54="",AR54,H54) | AT54: =IF(I54="",AS54,I54) | AU54: =IF(J54="",AT54,J54) | AV54: =IF(K54="",AU54,K54) | AW54: =IF(AL54=0,AW52,average(AP54:AV54)) | AX54: =if(AND(AW54=AX$34,$AL54>0),ROW(),0) -> 0 | AY54: =if(AND(AW54=AY$34,$AL54>0),ROW(),0) -> 0 | AZ54: =IF(AW54="","",AW54-AW52) | BA54: =if(BB54>0,row(),0) -> 54 | BB54: =max(if(E54=AW$30,COLUMN(E54),0),if(F54=AW$30,COLUMN(F54),0),if(G54=AW$30,COLUMN(G54),0),if(H54=AW$30,COLUMN(H54),0),if(I54=AW$30,COLUMN(I54),0),if(J54=AW$30,COLUMN(J54),0),if(K54=AW$30,COLUMN(K54),0)) -> 11 | BC54: =IF(BD54="","",IF(AZ54="","",BD54)) | BD54: =IF(AL54=0,BD52,IF(AL55=0,BD52,((AW55+(((-AZ54)*$BD$7)/AL55)+sum($BE$38:BE52))/AK54))) -> 0 | BE54: =IF(AL54=0,BE52,IF(AL55=0,BE52,AW55+(((-AZ54)*$BD$7)/AL55))) -> 0 | BJ54: =text(B54,"YYYY MMM") | BL54: =if($G$13="Disable","", if($G$9="","",if(and($G$9="Male",count($N54:$O54)<>2),"", if(and($G$9="Male",count($N54:$O54)=2),round(if($N54="","", if($G$14="cm",86.01*log($N54-$O54)-70.041*log($G$15)+30.3, if($G$14="inch",86.01*log(($N54-$O54)*2.54)-70.041*log($G$15*2.54)+30.3))),0), if(and($G$9="Female",count($N54:$P54)<>3),"", if(and($G$9="Female",count($N54:$P54)=3),round(if($N54="","", if($G$14="cm",495/(1.29579-0.35004*log10($N54+$P54-$O54)+0.221 * log10($G$15))-450, if($G$14="inch",495/(1.29579-0.35004*log10(($N54+$P54-$O54)*2.54)+0.221 * log10($G$15*2.54))-450))),0))))))) | BO54: =IFERROR(__xludf.DUMMYFUNCTION("""COMPUTED_VALUE"""),"") | BP54: =if(BO54<>"",BO54,BP53) | BQ54: =IFERROR(__xludf.DUMMYFUNCTION("""COMPUTED_VALUE"""),"") | BS54: =if($G$13="Enable",if(BQ54<>"",BQ54,BR54),if(BR54<>"",BR54,BQ54)) | BT54: =if($BP54<>"",if(BS54<>"",BS54,BT53),"") | BU54: =if(BS54="",BU53,BT53) | BV54: =if($BP54<>"", if($G$9="Male", if(and($G$5="lb",$BT54<20),1, if(and($G$5="lb",$BT54>=20,$BT54<=25),0.8, if(and($G$5="lb",$BT54>25),0.73, if(and($G$5="kg",$BT54<20),2.2, if(and($G$5="kg",$BT54>=20,$BT54<=25),1.76, if(and($G$5="kg",$BT54>25),1.606)))))), if($G$9="Female", if(and($G$5="lb",$BT54<=25),1, if(and($G$5="lb",$BT54>25),0.8, if(and($G$5="kg",$BT54<=25),2.2, if(and($G$5="kg",$BT54>25),1.76,"")))),""))) -> FALSE | BW54: =if($BP54<>"",if(abs(($BP54*$BV54)-$BW53)>=5,$BP54*$BV54,$BW53),"") | BX54: =if($BP54<>"", if($G$9="Male", if(and($G$5="lb",$BT54<20),0.8, if(and($G$5="lb",$BT54>=20),0.73, if(and($G$5="kg",$BT54<20),1.76, if(and($G$5="kg",$BT54>=20),1.606)))), if($G$9="Female", if($G$5="lb",0.8,1.76),""))) -> FALSE | BY54: =if($BP54<>"", if($G$9="Male", if(and($G$5="lb",$BT54<20),1.2, if(and($G$5="lb",$BT54>=20),1, if(and($G$5="kg",$BT54<20),2.64, if(and($G$5="kg",$BT54>=20),2.2)))), if($G$9="Female", if($G$5="lb",1.4,3.08),""))) -> FALSE | BZ54: =if(BW54<>BW53,BP54*BX54,BZ53) -> 0 | CA54: =if(BW54<>BW53,BP54*BY54,CA53) -> 0
D55: =D53 -> Calories | L55: =if(counta(E55:K55)=0,"",AVERAGE(E55:K55)) | AC55: =AB55 | AD55: =AC55+1 -> 1 | AE55: =AD55+1 -> 2 | AF55: =AE55+1 -> 3 | AG55: =AF55+1 -> 4 | AH55: =AG55+1 -> 5 | AI55: =AH55+1 -> 6 | AJ55: =AJ54+0.5 -> 10.5 | AL55: =COUNT(AP55:AV55) -> 0 | AM55: =AM54 | AP55: =IF(COUNT($E55:$K55)<1,"",IF(E55="",AQ49,E55)) | AQ55: =IF(F55="",AP55,F55) | AR55: =IF(G55="",AQ55,G55) | AS55: =IF(H55="",AR55,H55) | AT55: =IF(I55="",AS55,I55) | AU55: =IF(J55="",AT55,J55) | AV55: =IF(K55="",AU55,K55) | AW55: =IF(AL55=0,AW53,average(AP55:AV55)) | BO55: =IFERROR(__xludf.DUMMYFUNCTION("""COMPUTED_VALUE"""),"") | BP55: =if(BO55<>"",BO55,BP54) | BQ55: =IFERROR(__xludf.DUMMYFUNCTION("""COMPUTED_VALUE"""),"") | BS55: =if($G$13="Enable",if(BQ55<>"",BQ55,BR55),if(BR55<>"",BR55,BQ55)) | BT55: =if($BP55<>"",if(BS55<>"",BS55,BT54),"") | BU55: =if(BS55="",BU54,BT54) | BV55: =if($BP55<>"", if($G$9="Male", if(and($G$5="lb",$BT55<20),1, if(and($G$5="lb",$BT55>=20,$BT55<=25),0.8, if(and($G$5="lb",$BT55>25),0.73, if(and($G$5="kg",$BT55<20),2.2, if(and($G$5="kg",$BT55>=20,$BT55<=25),1.76, if(and($G$5="kg",$BT55>25),1.606)))))), if($G$9="Female", if(and($G$5="lb",$BT55<=25),1, if(and($G$5="lb",$BT55>25),0.8, if(and($G$5="kg",$BT55<=25),2.2, if(and($G$5="kg",$BT55>25),1.76,"")))),""))) -> FALSE | BW55: =if($BP55<>"",if(abs(($BP55*$BV55)-$BW54)>=5,$BP55*$BV55,$BW54),"") | BX55: =if($BP55<>"", if($G$9="Male", if(and($G$5="lb",$BT55<20),0.8, if(and($G$5="lb",$BT55>=20),0.73, if(and($G$5="kg",$BT55<20),1.76, if(and($G$5="kg",$BT55>=20),1.606)))), if($G$9="Female", if($G$5="lb",0.8,1.76),""))) -> FALSE | BY55: =if($BP55<>"", if($G$9="Male", if(and($G$5="lb",$BT55<20),1.2, if(and($G$5="lb",$BT55>=20),1, if(and($G$5="kg",$BT55<20),2.64, if(and($G$5="kg",$BT55>=20),2.2)))), if($G$9="Female", if($G$5="lb",1.4,3.08),""))) -> FALSE | BZ55: =if(BW55<>BW54,BP55*BX55,BZ54) -> 0 | CA55: =if(BW55<>BW54,BP55*BY55,CA54) -> 0
B56: =IF(B54="","",B54+7) | D56: =D54 -> Weight | L56: =if(counta(E56:K56)=0,"",AVERAGE(E56:K56)) | Q56: =BL56 | S56: =IFERROR(__xludf.DUMMYFUNCTION("IF(L56="""","""",(L56-index(filter($L$36:L54,$L$36:L54<>"""",ISEVEN(row($L$36:L54))),count(filter($L$36:L54,$L$36:L54<>"""",iseven(row($L$36:L54)))),1)))"),"") | U56: =if(BD$24=FALSE,"",IF(L56="","",BC56)) | W56: =IF(count(S56:S57)>1,1,0) -> 0 | X56: =if(Y56="","","Week 11") | Y56: =IF(S56="","",text(B56,"MMM-YY")) | AC56: =AB56 | AD56: =AC56+1 -> 1 | AE56: =AD56+1 -> 2 | AF56: =AE56+1 -> 3 | AG56: =AF56+1 -> 4 | AH56: =AG56+1 -> 5 | AI56: =AH56+1 -> 6 | AJ56: =AJ54+1 -> 11 | AK56: 10 | AL56: =COUNT(AP56:AV56) -> 0 | AM56: =IF(K56="",AM54,K56) | AP56: =IF(COUNT($E56:$K56)<1,"",IF(E56="",AQ50,E56)) | AQ56: =IF(F56="",AP56,F56) | AR56: =IF(G56="",AQ56,G56) | AS56: =IF(H56="",AR56,H56) | AT56: =IF(I56="",AS56,I56) | AU56: =IF(J56="",AT56,J56) | AV56: =IF(K56="",AU56,K56) | AW56: =IF(AL56=0,AW54,average(AP56:AV56)) | AX56: =if(AND(AW56=AX$34,$AL56>0),ROW(),0) -> 0 | AY56: =if(AND(AW56=AY$34,$AL56>0),ROW(),0) -> 0 | AZ56: =IF(AW56="","",AW56-AW54) | BA56: =if(BB56>0,row(),0) -> 56 | BB56: =max(if(E56=AW$30,COLUMN(E56),0),if(F56=AW$30,COLUMN(F56),0),if(G56=AW$30,COLUMN(G56),0),if(H56=AW$30,COLUMN(H56),0),if(I56=AW$30,COLUMN(I56),0),if(J56=AW$30,COLUMN(J56),0),if(K56=AW$30,COLUMN(K56),0)) -> 11 | BC56: =IF(BD56="","",IF(AZ56="","",BD56)) | BD56: =IF(AL56=0,BD54,IF(AL57=0,BD54,((AW57+(((-AZ56)*$BD$7)/AL57)+sum($BE$38:BE54))/AK56))) -> 0 | BE56: =IF(AL56=0,BE54,IF(AL57=0,BE54,AW57+(((-AZ56)*$BD$7)/AL57))) -> 0 | BJ56: =text(B56,"YYYY MMM") | BL56: =if($G$13="Disable","", if($G$9="","",if(and($G$9="Male",count($N56:$O56)<>2),"", if(and($G$9="Male",count($N56:$O56)=2),round(if($N56="","", if($G$14="cm",86.01*log($N56-$O56)-70.041*log($G$15)+30.3, if($G$14="inch",86.01*log(($N56-$O56)*2.54)-70.041*log($G$15*2.54)+30.3))),0), if(and($G$9="Female",count($N56:$P56)<>3),"", if(and($G$9="Female",count($N56:$P56)=3),round(if($N56="","", if($G$14="cm",495/(1.29579-0.35004*log10($N56+$P56-$O56)+0.221 * log10($G$15))-450, if($G$14="inch",495/(1.29579-0.35004*log10(($N56+$P56-$O56)*2.54)+0.221 * log10($G$15*2.54))-450))),0))))))) | BO56: =IFERROR(__xludf.DUMMYFUNCTION("""COMPUTED_VALUE"""),"") | BP56: =if(BO56<>"",BO56,BP55) | BQ56: =IFERROR(__xludf.DUMMYFUNCTION("""COMPUTED_VALUE"""),"") | BS56: =if($G$13="Enable",if(BQ56<>"",BQ56,BR56),if(BR56<>"",BR56,BQ56)) | BT56: =if($BP56<>"",if(BS56<>"",BS56,BT55),"") | BU56: =if(BS56="",BU55,BT55) | BV56: =if($BP56<>"", if($G$9="Male", if(and($G$5="lb",$BT56<20),1, if(and($G$5="lb",$BT56>=20,$BT56<=25),0.8, if(and($G$5="lb",$BT56>25),0.73, if(and($G$5="kg",$BT56<20),2.2, if(and($G$5="kg",$BT56>=20,$BT56<=25),1.76, if(and($G$5="kg",$BT56>25),1.606)))))), if($G$9="Female", if(and($G$5="lb",$BT56<=25),1, if(and($G$5="lb",$BT56>25),0.8, if(and($G$5="kg",$BT56<=25),2.2, if(and($G$5="kg",$BT56>25),1.76,"")))),""))) -> FALSE | BW56: =if($BP56<>"",if(abs(($BP56*$BV56)-$BW55)>=5,$BP56*$BV56,$BW55),"") | BX56: =if($BP56<>"", if($G$9="Male", if(and($G$5="lb",$BT56<20),0.8, if(and($G$5="lb",$BT56>=20),0.73, if(and($G$5="kg",$BT56<20),1.76, if(and($G$5="kg",$BT56>=20),1.606)))), if($G$9="Female", if($G$5="lb",0.8,1.76),""))) -> FALSE | BY56: =if($BP56<>"", if($G$9="Male", if(and($G$5="lb",$BT56<20),1.2, if(and($G$5="lb",$BT56>=20),1, if(and($G$5="kg",$BT56<20),2.64, if(and($G$5="kg",$BT56>=20),2.2)))), if($G$9="Female", if($G$5="lb",1.4,3.08),""))) -> FALSE | BZ56: =if(BW56<>BW55,BP56*BX56,BZ55) -> 0 | CA56: =if(BW56<>BW55,BP56*BY56,CA55) -> 0
D57: =D55 -> Calories | L57: =if(counta(E57:K57)=0,"",AVERAGE(E57:K57)) | AC57: =AB57 | AD57: =AC57+1 -> 1 | AE57: =AD57+1 -> 2 | AF57: =AE57+1 -> 3 | AG57: =AF57+1 -> 4 | AH57: =AG57+1 -> 5 | AI57: =AH57+1 -> 6 | AJ57: =AJ56+0.5 -> 11.5 | AL57: =COUNT(AP57:AV57) -> 0 | AM57: =AM56 | AP57: =IF(COUNT($E57:$K57)<1,"",IF(E57="",AQ51,E57)) | AQ57: =IF(F57="",AP57,F57) | AR57: =IF(G57="",AQ57,G57) | AS57: =IF(H57="",AR57,H57) | AT57: =IF(I57="",AS57,I57) | AU57: =IF(J57="",AT57,J57) | AV57: =IF(K57="",AU57,K57) | AW57: =IF(AL57=0,AW55,average(AP57:AV57)) | BO57: =IFERROR(__xludf.DUMMYFUNCTION("""COMPUTED_VALUE"""),"") | BP57: =if(BO57<>"",BO57,BP56) | BQ57: =IFERROR(__xludf.DUMMYFUNCTION("""COMPUTED_VALUE"""),"") | BS57: =if($G$13="Enable",if(BQ57<>"",BQ57,BR57),if(BR57<>"",BR57,BQ57)) | BT57: =if($BP57<>"",if(BS57<>"",BS57,BT56),"") | BU57: =if(BS57="",BU56,BT56) | BV57: =if($BP57<>"", if($G$9="Male", if(and($G$5="lb",$BT57<20),1, if(and($G$5="lb",$BT57>=20,$BT57<=25),0.8, if(and($G$5="lb",$BT57>25),0.73, if(and($G$5="kg",$BT57<20),2.2, if(and($G$5="kg",$BT57>=20,$BT57<=25),1.76, if(and($G$5="kg",$BT57>25),1.606)))))), if($G$9="Female", if(and($G$5="lb",$BT57<=25),1, if(and($G$5="lb",$BT57>25),0.8, if(and($G$5="kg",$BT57<=25),2.2, if(and($G$5="kg",$BT57>25),1.76,"")))),""))) -> FALSE | BW57: =if($BP57<>"",if(abs(($BP57*$BV57)-$BW56)>=5,$BP57*$BV57,$BW56),"") | BX57: =if($BP57<>"", if($G$9="Male", if(and($G$5="lb",$BT57<20),0.8, if(and($G$5="lb",$BT57>=20),0.73, if(and($G$5="kg",$BT57<20),1.76, if(and($G$5="kg",$BT57>=20),1.606)))), if($G$9="Female", if($G$5="lb",0.8,1.76),""))) -> FALSE | BY57: =if($BP57<>"", if($G$9="Male", if(and($G$5="lb",$BT57<20),1.2, if(and($G$5="lb",$BT57>=20),1, if(and($G$5="kg",$BT57<20),2.64, if(and($G$5="kg",$BT57>=20),2.2)))), if($G$9="Female", if($G$5="lb",1.4,3.08),""))) -> FALSE | BZ57: =if(BW57<>BW56,BP57*BX57,BZ56) -> 0 | CA57: =if(BW57<>BW56,BP57*BY57,CA56) -> 0
B58: =IF(B56="","",B56+7) | D58: =D56 -> Weight | L58: =if(counta(E58:K58)=0,"",AVERAGE(E58:K58)) | Q58: =BL58 | S58: =IFERROR(__xludf.DUMMYFUNCTION("IF(L58="""","""",(L58-index(filter($L$36:L56,$L$36:L56<>"""",ISEVEN(row($L$36:L56))),count(filter($L$36:L56,$L$36:L56<>"""",iseven(row($L$36:L56)))),1)))"),"") | U58: =if(BD$24=FALSE,"",IF(L58="","",BC58)) | W58: =IF(count(S58:S59)>1,1,0) -> 0 | X58: =if(Y58="","","Week 12") | Y58: =IF(S58="","",text(B58,"MMM-YY")) | AC58: =AB58 | AD58: =AC58+1 -> 1 | AE58: =AD58+1 -> 2 | AF58: =AE58+1 -> 3 | AG58: =AF58+1 -> 4 | AH58: =AG58+1 -> 5 | AI58: =AH58+1 -> 6 | AJ58: =AJ56+1 -> 12 | AK58: 11 | AL58: =COUNT(AP58:AV58) -> 0 | AM58: =IF(K58="",AM56,K58) | AP58: =IF(COUNT($E58:$K58)<1,"",IF(E58="",AQ52,E58)) | AQ58: =IF(F58="",AP58,F58) | AR58: =IF(G58="",AQ58,G58) | AS58: =IF(H58="",AR58,H58) | AT58: =IF(I58="",AS58,I58) | AU58: =IF(J58="",AT58,J58) | AV58: =IF(K58="",AU58,K58) | AW58: =IF(AL58=0,AW56,average(AP58:AV58)) | AX58: =if(AND(AW58=AX$34,$AL58>0),ROW(),0) -> 0 | AY58: =if(AND(AW58=AY$34,$AL58>0),ROW(),0) -> 0 | AZ58: =IF(AW58="","",AW58-AW56) | BA58: =if(BB58>0,row(),0) -> 58 | BB58: =max(if(E58=AW$30,COLUMN(E58),0),if(F58=AW$30,COLUMN(F58),0),if(G58=AW$30,COLUMN(G58),0),if(H58=AW$30,COLUMN(H58),0),if(I58=AW$30,COLUMN(I58),0),if(J58=AW$30,COLUMN(J58),0),if(K58=AW$30,COLUMN(K58),0)) -> 11 | BC58: =IF(BD58="","",IF(AZ58="","",BD58)) | BD58: =IF(AL58=0,BD56,IF(AL59=0,BD56,((AW59+(((-AZ58)*$BD$7)/AL59)+sum($BE$38:BE56))/AK58))) -> 0 | BE58: =IF(AL58=0,BE56,IF(AL59=0,BE56,AW59+(((-AZ58)*$BD$7)/AL59))) -> 0 | BJ58: =text(B58,"YYYY MMM") | BL58: =if($G$13="Disable","", if($G$9="","",if(and($G$9="Male",count($N58:$O58)<>2),"", if(and($G$9="Male",count($N58:$O58)=2),round(if($N58="","", if($G$14="cm",86.01*log($N58-$O58)-70.041*log($G$15)+30.3, if($G$14="inch",86.01*log(($N58-$O58)*2.54)-70.041*log($G$15*2.54)+30.3))),0), if(and($G$9="Female",count($N58:$P58)<>3),"", if(and($G$9="Female",count($N58:$P58)=3),round(if($N58="","", if($G$14="cm",495/(1.29579-0.35004*log10($N58+$P58-$O58)+0.221 * log10($G$15))-450, if($G$14="inch",495/(1.29579-0.35004*log10(($N58+$P58-$O58)*2.54)+0.221 * log10($G$15*2.54))-450))),0))))))) | BO58: =IFERROR(__xludf.DUMMYFUNCTION("""COMPUTED_VALUE"""),"") | BP58: =if(BO58<>"",BO58,BP57) | BQ58: =IFERROR(__xludf.DUMMYFUNCTION("""COMPUTED_VALUE"""),"") | BS58: =if($G$13="Enable",if(BQ58<>"",BQ58,BR58),if(BR58<>"",BR58,BQ58)) | BT58: =if($BP58<>"",if(BS58<>"",BS58,BT57),"") | BU58: =if(BS58="",BU57,BT57) | BV58: =if($BP58<>"", if($G$9="Male", if(and($G$5="lb",$BT58<20),1, if(and($G$5="lb",$BT58>=20,$BT58<=25),0.8, if(and($G$5="lb",$BT58>25),0.73, if(and($G$5="kg",$BT58<20),2.2, if(and($G$5="kg",$BT58>=20,$BT58<=25),1.76, if(and($G$5="kg",$BT58>25),1.606)))))), if($G$9="Female", if(and($G$5="lb",$BT58<=25),1, if(and($G$5="lb",$BT58>25),0.8, if(and($G$5="kg",$BT58<=25),2.2, if(and($G$5="kg",$BT58>25),1.76,"")))),""))) -> FALSE | BW58: =if($BP58<>"",if(abs(($BP58*$BV58)-$BW57)>=5,$BP58*$BV58,$BW57),"") | BX58: =if($BP58<>"", if($G$9="Male", if(and($G$5="lb",$BT58<20),0.8, if(and($G$5="lb",$BT58>=20),0.73, if(and($G$5="kg",$BT58<20),1.76, if(and($G$5="kg",$BT58>=20),1.606)))), if($G$9="Female", if($G$5="lb",0.8,1.76),""))) -> FALSE | BY58: =if($BP58<>"", if($G$9="Male", if(and($G$5="lb",$BT58<20),1.2, if(and($G$5="lb",$BT58>=20),1, if(and($G$5="kg",$BT58<20),2.64, if(and($G$5="kg",$BT58>=20),2.2)))), if($G$9="Female", if($G$5="lb",1.4,3.08),""))) -> FALSE | BZ58: =if(BW58<>BW57,BP58*BX58,BZ57) -> 0 | CA58: =if(BW58<>BW57,BP58*BY58,CA57) -> 0
D59: =D57 -> Calories | L59: =if(counta(E59:K59)=0,"",AVERAGE(E59:K59)) | AC59: =AB59 | AD59: =AC59+1 -> 1 | AE59: =AD59+1 -> 2 | AF59: =AE59+1 -> 3 | AG59: =AF59+1 -> 4 | AH59: =AG59+1 -> 5 | AI59: =AH59+1 -> 6 | AJ59: =AJ58+0.5 -> 12.5 | AL59: =COUNT(AP59:AV59) -> 0 | AM59: =AM58 | AP59: =IF(COUNT($E59:$K59)<1,"",IF(E59="",AQ53,E59)) | AQ59: =IF(F59="",AP59,F59) | AR59: =IF(G59="",AQ59,G59) | AS59: =IF(H59="",AR59,H59) | AT59: =IF(I59="",AS59,I59) | AU59: =IF(J59="",AT59,J59) | AV59: =IF(K59="",AU59,K59) | AW59: =IF(AL59=0,AW57,average(AP59:AV59)) | BO59: =IFERROR(__xludf.DUMMYFUNCTION("""COMPUTED_VALUE"""),"") | BP59: =if(BO59<>"",BO59,BP58) | BQ59: =IFERROR(__xludf.DUMMYFUNCTION("""COMPUTED_VALUE"""),"") | BS59: =if($G$13="Enable",if(BQ59<>"",BQ59,BR59),if(BR59<>"",BR59,BQ59)) | BT59: =if($BP59<>"",if(BS59<>"",BS59,BT58),"") | BU59: =if(BS59="",BU58,BT58) | BV59: =if($BP59<>"", if($G$9="Male", if(and($G$5="lb",$BT59<20),1, if(and($G$5="lb",$BT59>=20,$BT59<=25),0.8, if(and($G$5="lb",$BT59>25),0.73, if(and($G$5="kg",$BT59<20),2.2, if(and($G$5="kg",$BT59>=20,$BT59<=25),1.76, if(and($G$5="kg",$BT59>25),1.606)))))), if($G$9="Female", if(and($G$5="lb",$BT59<=25),1, if(and($G$5="lb",$BT59>25),0.8, if(and($G$5="kg",$BT59<=25),2.2, if(and($G$5="kg",$BT59>25),1.76,"")))),""))) -> FALSE | BW59: =if($BP59<>"",if(abs(($BP59*$BV59)-$BW58)>=5,$BP59*$BV59,$BW58),"") | BX59: =if($BP59<>"", if($G$9="Male", if(and($G$5="lb",$BT59<20),0.8, if(and($G$5="lb",$BT59>=20),0.73, if(and($G$5="kg",$BT59<20),1.76, if(and($G$5="kg",$BT59>=20),1.606)))), if($G$9="Female", if($G$5="lb",0.8,1.76),""))) -> FALSE | BY59: =if($BP59<>"", if($G$9="Male", if(and($G$5="lb",$BT59<20),1.2, if(and($G$5="lb",$BT59>=20),1, if(and($G$5="kg",$BT59<20),2.64, if(and($G$5="kg",$BT59>=20),2.2)))), if($G$9="Female", if($G$5="lb",1.4,3.08),""))) -> FALSE | BZ59: =if(BW59<>BW58,BP59*BX59,BZ58) -> 0 | CA59: =if(BW59<>BW58,BP59*BY59,CA58) -> 0
B60: =IF(B58="","",B58+7) | D60: =D58 -> Weight | L60: =if(counta(E60:K60)=0,"",AVERAGE(E60:K60)) | Q60: =BL60 | S60: =IFERROR(__xludf.DUMMYFUNCTION("IF(L60="""","""",(L60-index(filter($L$36:L58,$L$36:L58<>"""",ISEVEN(row($L$36:L58))),count(filter($L$36:L58,$L$36:L58<>"""",iseven(row($L$36:L58)))),1)))"),"") | U60: =if(BD$24=FALSE,"",IF(L60="","",BC60)) | W60: =IF(count(S60:S61)>1,1,0) -> 0 | X60: =if(Y60="","","Week 13") | Y60: =IF(S60="","",text(B60,"MMM-YY")) | AC60: =AB60 | AD60: =AC60+1 -> 1 | AE60: =AD60+1 -> 2 | AF60: =AE60+1 -> 3 | AG60: =AF60+1 -> 4 | AH60: =AG60+1 -> 5 | AI60: =AH60+1 -> 6 | AJ60: =AJ58+1 -> 13 | AK60: 12 | AL60: =COUNT(AP60:AV60) -> 0 | AM60: =IF(K60="",AM58,K60) | AP60: =IF(COUNT($E60:$K60)<1,"",IF(E60="",AQ54,E60)) | AQ60: =IF(F60="",AP60,F60) | AR60: =IF(G60="",AQ60,G60) | AS60: =IF(H60="",AR60,H60) | AT60: =IF(I60="",AS60,I60) | AU60: =IF(J60="",AT60,J60) | AV60: =IF(K60="",AU60,K60) | AW60: =IF(AL60=0,AW58,average(AP60:AV60)) | AX60: =if(AND(AW60=AX$34,$AL60>0),ROW(),0) -> 0 | AY60: =if(AND(AW60=AY$34,$AL60>0),ROW(),0) -> 0 | AZ60: =IF(AW60="","",AW60-AW58) | BA60: =if(BB60>0,row(),0) -> 60 | BB60: =max(if(E60=AW$30,COLUMN(E60),0),if(F60=AW$30,COLUMN(F60),0),if(G60=AW$30,COLUMN(G60),0),if(H60=AW$30,COLUMN(H60),0),if(I60=AW$30,COLUMN(I60),0),if(J60=AW$30,COLUMN(J60),0),if(K60=AW$30,COLUMN(K60),0)) -> 11 | BC60: =IF(BD60="","",IF(AZ60="","",BD60)) | BD60: =IF(AL60=0,BD58,IF(AL61=0,BD58,((AW61+(((-AZ60)*$BD$7)/AL61)+sum($BE$38:BE58))/AK60))) -> 0 | BE60: =IF(AL60=0,BE58,IF(AL61=0,BE58,AW61+(((-AZ60)*$BD$7)/AL61))) -> 0 | BJ60: =text(B60,"YYYY MMM") | BL60: =if($G$13="Disable","", if($G$9="","",if(and($G$9="Male",count($N60:$O60)<>2),"", if(and($G$9="Male",count($N60:$O60)=2),round(if($N60="","", if($G$14="cm",86.01*log($N60-$O60)-70.041*log($G$15)+30.3, if($G$14="inch",86.01*log(($N60-$O60)*2.54)-70.041*log($G$15*2.54)+30.3))),0), if(and($G$9="Female",count($N60:$P60)<>3),"", if(and($G$9="Female",count($N60:$P60)=3),round(if($N60="","", if($G$14="cm",495/(1.29579-0.35004*log10($N60+$P60-$O60)+0.221 * log10($G$15))-450, if($G$14="inch",495/(1.29579-0.35004*log10(($N60+$P60-$O60)*2.54)+0.221 * log10($G$15*2.54))-450))),0))))))) | BO60: =IFERROR(__xludf.DUMMYFUNCTION("""COMPUTED_VALUE"""),"") | BP60: =if(BO60<>"",BO60,BP59) | BQ60: =IFERROR(__xludf.DUMMYFUNCTION("""COMPUTED_VALUE"""),"") | BS60: =if($G$13="Enable",if(BQ60<>"",BQ60,BR60),if(BR60<>"",BR60,BQ60)) | BT60: =if($BP60<>"",if(BS60<>"",BS60,BT59),"") | BU60: =if(BS60="",BU59,BT59) | BV60: =if($BP60<>"", if($G$9="Male", if(and($G$5="lb",$BT60<20),1, if(and($G$5="lb",$BT60>=20,$BT60<=25),0.8, if(and($G$5="lb",$BT60>25),0.73, if(and($G$5="kg",$BT60<20),2.2, if(and($G$5="kg",$BT60>=20,$BT60<=25),1.76, if(and($G$5="kg",$BT60>25),1.606)))))), if($G$9="Female", if(and($G$5="lb",$BT60<=25),1, if(and($G$5="lb",$BT60>25),0.8, if(and($G$5="kg",$BT60<=25),2.2, if(and($G$5="kg",$BT60>25),1.76,"")))),""))) -> FALSE | BW60: =if($BP60<>"",if(abs(($BP60*$BV60)-$BW59)>=5,$BP60*$BV60,$BW59),"") | BX60: =if($BP60<>"", if($G$9="Male", if(and($G$5="lb",$BT60<20),0.8, if(and($G$5="lb",$BT60>=20),0.73, if(and($G$5="kg",$BT60<20),1.76, if(and($G$5="kg",$BT60>=20),1.606)))), if($G$9="Female", if($G$5="lb",0.8,1.76),""))) -> FALSE | BY60: =if($BP60<>"", if($G$9="Male", if(and($G$5="lb",$BT60<20),1.2, if(and($G$5="lb",$BT60>=20),1, if(and($G$5="kg",$BT60<20),2.64, if(and($G$5="kg",$BT60>=20),2.2)))), if($G$9="Female", if($G$5="lb",1.4,3.08),""))) -> FALSE | BZ60: =if(BW60<>BW59,BP60*BX60,BZ59) -> 0 | CA60: =if(BW60<>BW59,BP60*BY60,CA59) -> 0
D61: =D59 -> Calories | L61: =if(counta(E61:K61)=0,"",AVERAGE(E61:K61)) | AC61: =AB61 | AD61: =AC61+1 -> 1 | AE61: =AD61+1 -> 2 | AF61: =AE61+1 -> 3 | AG61: =AF61+1 -> 4 | AH61: =AG61+1 -> 5 | AI61: =AH61+1 -> 6 | AJ61: =AJ60+0.5 -> 13.5 | AL61: =COUNT(AP61:AV61) -> 0 | AM61: =AM60 | AP61: =IF(COUNT($E61:$K61)<1,"",IF(E61="",AQ55,E61)) | AQ61: =IF(F61="",AP61,F61) | AR61: =IF(G61="",AQ61,G61) | AS61: =IF(H61="",AR61,H61) | AT61: =IF(I61="",AS61,I61) | AU61: =IF(J61="",AT61,J61) | AV61: =IF(K61="",AU61,K61) | AW61: =IF(AL61=0,AW59,average(AP61:AV61)) | BO61: =IFERROR(__xludf.DUMMYFUNCTION("""COMPUTED_VALUE"""),"") | BP61: =if(BO61<>"",BO61,BP60) | BQ61: =IFERROR(__xludf.DUMMYFUNCTION("""COMPUTED_VALUE"""),"") | BS61: =if($G$13="Enable",if(BQ61<>"",BQ61,BR61),if(BR61<>"",BR61,BQ61)) | BT61: =if($BP61<>"",if(BS61<>"",BS61,BT60),"") | BU61: =if(BS61="",BU60,BT60) | BV61: =if($BP61<>"", if($G$9="Male", if(and($G$5="lb",$BT61<20),1, if(and($G$5="lb",$BT61>=20,$BT61<=25),0.8, if(and($G$5="lb",$BT61>25),0.73, if(and($G$5="kg",$BT61<20),2.2, if(and($G$5="kg",$BT61>=20,$BT61<=25),1.76, if(and($G$5="kg",$BT61>25),1.606)))))), if($G$9="Female", if(and($G$5="lb",$BT61<=25),1, if(and($G$5="lb",$BT61>25),0.8, if(and($G$5="kg",$BT61<=25),2.2, if(and($G$5="kg",$BT61>25),1.76,"")))),""))) -> FALSE | BW61: =if($BP61<>"",if(abs(($BP61*$BV61)-$BW60)>=5,$BP61*$BV61,$BW60),"") | BX61: =if($BP61<>"", if($G$9="Male", if(and($G$5="lb",$BT61<20),0.8, if(and($G$5="lb",$BT61>=20),0.73, if(and($G$5="kg",$BT61<20),1.76, if(and($G$5="kg",$BT61>=20),1.606)))), if($G$9="Female", if($G$5="lb",0.8,1.76),""))) -> FALSE | BY61: =if($BP61<>"", if($G$9="Male", if(and($G$5="lb",$BT61<20),1.2, if(and($G$5="lb",$BT61>=20),1, if(and($G$5="kg",$BT61<20),2.64, if(and($G$5="kg",$BT61>=20),2.2)))), if($G$9="Female", if($G$5="lb",1.4,3.08),""))) -> FALSE | BZ61: =if(BW61<>BW60,BP61*BX61,BZ60) -> 0 | CA61: =if(BW61<>BW60,BP61*BY61,CA60) -> 0
B62: =IF(B60="","",B60+7) | D62: =D60 -> Weight | L62: =if(counta(E62:K62)=0,"",AVERAGE(E62:K62)) | Q62: =BL62 | S62: =IFERROR(__xludf.DUMMYFUNCTION("IF(L62="""","""",(L62-index(filter($L$36:L60,$L$36:L60<>"""",ISEVEN(row($L$36:L60))),count(filter($L$36:L60,$L$36:L60<>"""",iseven(row($L$36:L60)))),1)))"),"") | U62: =if(BD$24=FALSE,"",IF(L62="","",BC62)) | W62: =IF(count(S62:S63)>1,1,0) -> 0 | X62: =if(Y62="","","Week 14") | Y62: =IF(S62="","",text(B62,"MMM-YY")) | AC62: =AB62 | AD62: =AC62+1 -> 1 | AE62: =AD62+1 -> 2 | AF62: =AE62+1 -> 3 | AG62: =AF62+1 -> 4 | AH62: =AG62+1 -> 5 | AI62: =AH62+1 -> 6 | AJ62: =AJ60+1 -> 14 | AK62: 13 | AL62: =COUNT(AP62:AV62) -> 0 | AM62: =IF(K62="",AM60,K62) | AP62: =IF(COUNT($E62:$K62)<1,"",IF(E62="",AQ56,E62)) | AQ62: =IF(F62="",AP62,F62) | AR62: =IF(G62="",AQ62,G62) | AS62: =IF(H62="",AR62,H62) | AT62: =IF(I62="",AS62,I62) | AU62: =IF(J62="",AT62,J62) | AV62: =IF(K62="",AU62,K62) | AW62: =IF(AL62=0,AW60,average(AP62:AV62)) | AX62: =if(AND(AW62=AX$34,$AL62>0),ROW(),0) -> 0 | AY62: =if(AND(AW62=AY$34,$AL62>0),ROW(),0) -> 0 | AZ62: =IF(AW62="","",AW62-AW60) | BA62: =if(BB62>0,row(),0) -> 62 | BB62: =max(if(E62=AW$30,COLUMN(E62),0),if(F62=AW$30,COLUMN(F62),0),if(G62=AW$30,COLUMN(G62),0),if(H62=AW$30,COLUMN(H62),0),if(I62=AW$30,COLUMN(I62),0),if(J62=AW$30,COLUMN(J62),0),if(K62=AW$30,COLUMN(K62),0)) -> 11 | BC62: =IF(BD62="","",IF(AZ62="","",BD62)) | BD62: =IF(AL62=0,BD60,IF(AL63=0,BD60,((AW63+(((-AZ62)*$BD$7)/AL63)+sum($BE$38:BE60))/AK62))) -> 0 | BE62: =IF(AL62=0,BE60,IF(AL63=0,BE60,AW63+(((-AZ62)*$BD$7)/AL63))) -> 0 | BJ62: =text(B62,"YYYY MMM") | BL62: =if($G$13="Disable","", if($G$9="","",if(and($G$9="Male",count($N62:$O62)<>2),"", if(and($G$9="Male",count($N62:$O62)=2),round(if($N62="","", if($G$14="cm",86.01*log($N62-$O62)-70.041*log($G$15)+30.3, if($G$14="inch",86.01*log(($N62-$O62)*2.54)-70.041*log($G$15*2.54)+30.3))),0), if(and($G$9="Female",count($N62:$P62)<>3),"", if(and($G$9="Female",count($N62:$P62)=3),round(if($N62="","", if($G$14="cm",495/(1.29579-0.35004*log10($N62+$P62-$O62)+0.221 * log10($G$15))-450, if($G$14="inch",495/(1.29579-0.35004*log10(($N62+$P62-$O62)*2.54)+0.221 * log10($G$15*2.54))-450))),0))))))) | BO62: =IFERROR(__xludf.DUMMYFUNCTION("""COMPUTED_VALUE"""),"") | BP62: =if(BO62<>"",BO62,BP61) | BQ62: =IFERROR(__xludf.DUMMYFUNCTION("""COMPUTED_VALUE"""),"") | BS62: =if($G$13="Enable",if(BQ62<>"",BQ62,BR62),if(BR62<>"",BR62,BQ62)) | BT62: =if($BP62<>"",if(BS62<>"",BS62,BT61),"") | BU62: =if(BS62="",BU61,BT61) | BV62: =if($BP62<>"", if($G$9="Male", if(and($G$5="lb",$BT62<20),1, if(and($G$5="lb",$BT62>=20,$BT62<=25),0.8, if(and($G$5="lb",$BT62>25),0.73, if(and($G$5="kg",$BT62<20),2.2, if(and($G$5="kg",$BT62>=20,$BT62<=25),1.76, if(and($G$5="kg",$BT62>25),1.606)))))), if($G$9="Female", if(and($G$5="lb",$BT62<=25),1, if(and($G$5="lb",$BT62>25),0.8, if(and($G$5="kg",$BT62<=25),2.2, if(and($G$5="kg",$BT62>25),1.76,"")))),""))) -> FALSE | BW62: =if($BP62<>"",if(abs(($BP62*$BV62)-$BW61)>=5,$BP62*$BV62,$BW61),"") | BX62: =if($BP62<>"", if($G$9="Male", if(and($G$5="lb",$BT62<20),0.8, if(and($G$5="lb",$BT62>=20),0.73, if(and($G$5="kg",$BT62<20),1.76, if(and($G$5="kg",$BT62>=20),1.606)))), if($G$9="Female", if($G$5="lb",0.8,1.76),""))) -> FALSE | BY62: =if($BP62<>"", if($G$9="Male", if(and($G$5="lb",$BT62<20),1.2, if(and($G$5="lb",$BT62>=20),1, if(and($G$5="kg",$BT62<20),2.64, if(and($G$5="kg",$BT62>=20),2.2)))), if($G$9="Female", if($G$5="lb",1.4,3.08),""))) -> FALSE | BZ62: =if(BW62<>BW61,BP62*BX62,BZ61) -> 0 | CA62: =if(BW62<>BW61,BP62*BY62,CA61) -> 0
D63: =D61 -> Calories | L63: =if(counta(E63:K63)=0,"",AVERAGE(E63:K63)) | AC63: =AB63 | AD63: =AC63+1 -> 1 | AE63: =AD63+1 -> 2 | AF63: =AE63+1 -> 3 | AG63: =AF63+1 -> 4 | AH63: =AG63+1 -> 5 | AI63: =AH63+1 -> 6 | AJ63: =AJ62+0.5 -> 14.5 | AL63: =COUNT(AP63:AV63) -> 0 | AM63: =AM62 | AP63: =IF(COUNT($E63:$K63)<1,"",IF(E63="",AQ57,E63)) | AQ63: =IF(F63="",AP63,F63) | AR63: =IF(G63="",AQ63,G63) | AS63: =IF(H63="",AR63,H63) | AT63: =IF(I63="",AS63,I63) | AU63: =IF(J63="",AT63,J63) | AV63: =IF(K63="",AU63,K63) | AW63: =IF(AL63=0,AW61,average(AP63:AV63)) | BO63: =IFERROR(__xludf.DUMMYFUNCTION("""COMPUTED_VALUE"""),"") | BP63: =if(BO63<>"",BO63,BP62) | BQ63: =IFERROR(__xludf.DUMMYFUNCTION("""COMPUTED_VALUE"""),"") | BS63: =if($G$13="Enable",if(BQ63<>"",BQ63,BR63),if(BR63<>"",BR63,BQ63)) | BT63: =if($BP63<>"",if(BS63<>"",BS63,BT62),"") | BU63: =if(BS63="",BU62,BT62) | BV63: =if($BP63<>"", if($G$9="Male", if(and($G$5="lb",$BT63<20),1, if(and($G$5="lb",$BT63>=20,$BT63<=25),0.8, if(and($G$5="lb",$BT63>25),0.73, if(and($G$5="kg",$BT63<20),2.2, if(and($G$5="kg",$BT63>=20,$BT63<=25),1.76, if(and($G$5="kg",$BT63>25),1.606)))))), if($G$9="Female", if(and($G$5="lb",$BT63<=25),1, if(and($G$5="lb",$BT63>25),0.8, if(and($G$5="kg",$BT63<=25),2.2, if(and($G$5="kg",$BT63>25),1.76,"")))),""))) -> FALSE | BW63: =if($BP63<>"",if(abs(($BP63*$BV63)-$BW62)>=5,$BP63*$BV63,$BW62),"") | BX63: =if($BP63<>"", if($G$9="Male", if(and($G$5="lb",$BT63<20),0.8, if(and($G$5="lb",$BT63>=20),0.73, if(and($G$5="kg",$BT63<20),1.76, if(and($G$5="kg",$BT63>=20),1.606)))), if($G$9="Female", if($G$5="lb",0.8,1.76),""))) -> FALSE | BY63: =if($BP63<>"", if($G$9="Male", if(and($G$5="lb",$BT63<20),1.2, if(and($G$5="lb",$BT63>=20),1, if(and($G$5="kg",$BT63<20),2.64, if(and($G$5="kg",$BT63>=20),2.2)))), if($G$9="Female", if($G$5="lb",1.4,3.08),""))) -> FALSE | BZ63: =if(BW63<>BW62,BP63*BX63,BZ62) -> 0 | CA63: =if(BW63<>BW62,BP63*BY63,CA62) -> 0
B64: =IF(B62="","",B62+7) | D64: =D62 -> Weight | L64: =if(counta(E64:K64)=0,"",AVERAGE(E64:K64)) | Q64: =BL64 | S64: =IFERROR(__xludf.DUMMYFUNCTION("IF(L64="""","""",(L64-index(filter($L$36:L62,$L$36:L62<>"""",ISEVEN(row($L$36:L62))),count(filter($L$36:L62,$L$36:L62<>"""",iseven(row($L$36:L62)))),1)))"),"") | U64: =if(BD$24=FALSE,"",IF(L64="","",BC64)) | W64: =IF(count(S64:S65)>1,1,0) -> 0 | X64: =if(Y64="","","Week 15") | Y64: =IF(S64="","",text(B64,"MMM-YY")) | AC64: =AB64 | AD64: =AC64+1 -> 1 | AE64: =AD64+1 -> 2 | AF64: =AE64+1 -> 3 | AG64: =AF64+1 -> 4 | AH64: =AG64+1 -> 5 | AI64: =AH64+1 -> 6 | AJ64: =AJ62+1 -> 15 | AK64: 14 | AL64: =COUNT(AP64:AV64) -> 0 | AM64: =IF(K64="",AM62,K64) | AP64: =IF(COUNT($E64:$K64)<1,"",IF(E64="",AQ58,E64)) | AQ64: =IF(F64="",AP64,F64) | AR64: =IF(G64="",AQ64,G64) | AS64: =IF(H64="",AR64,H64) | AT64: =IF(I64="",AS64,I64) | AU64: =IF(J64="",AT64,J64) | AV64: =IF(K64="",AU64,K64) | AW64: =IF(AL64=0,AW62,average(AP64:AV64)) | AX64: =if(AND(AW64=AX$34,$AL64>0),ROW(),0) -> 0 | AY64: =if(AND(AW64=AY$34,$AL64>0),ROW(),0) -> 0 | AZ64: =IF(AW64="","",AW64-AW62) | BA64: =if(BB64>0,row(),0) -> 64 | BB64: =max(if(E64=AW$30,COLUMN(E64),0),if(F64=AW$30,COLUMN(F64),0),if(G64=AW$30,COLUMN(G64),0),if(H64=AW$30,COLUMN(H64),0),if(I64=AW$30,COLUMN(I64),0),if(J64=AW$30,COLUMN(J64),0),if(K64=AW$30,COLUMN(K64),0)) -> 11 | BC64: =IF(BD64="","",IF(AZ64="","",BD64)) | BD64: =IF(AL64=0,BD62,IF(AL65=0,BD62,((AW65+(((-AZ64)*$BD$7)/AL65)+sum($BE$38:BE62))/AK64))) -> 0 | BE64: =IF(AL64=0,BE62,IF(AL65=0,BE62,AW65+(((-AZ64)*$BD$7)/AL65))) -> 0 | BJ64: =text(B64,"YYYY MMM") | BL64: =if($G$13="Disable","", if($G$9="","",if(and($G$9="Male",count($N64:$O64)<>2),"", if(and($G$9="Male",count($N64:$O64)=2),round(if($N64="","", if($G$14="cm",86.01*log($N64-$O64)-70.041*log($G$15)+30.3, if($G$14="inch",86.01*log(($N64-$O64)*2.54)-70.041*log($G$15*2.54)+30.3))),0), if(and($G$9="Female",count($N64:$P64)<>3),"", if(and($G$9="Female",count($N64:$P64)=3),round(if($N64="","", if($G$14="cm",495/(1.29579-0.35004*log10($N64+$P64-$O64)+0.221 * log10($G$15))-450, if($G$14="inch",495/(1.29579-0.35004*log10(($N64+$P64-$O64)*2.54)+0.221 * log10($G$15*2.54))-450))),0))))))) | BO64: =IFERROR(__xludf.DUMMYFUNCTION("""COMPUTED_VALUE"""),"") | BP64: =if(BO64<>"",BO64,BP63) | BQ64: =IFERROR(__xludf.DUMMYFUNCTION("""COMPUTED_VALUE"""),"") | BS64: =if($G$13="Enable",if(BQ64<>"",BQ64,BR64),if(BR64<>"",BR64,BQ64)) | BT64: =if($BP64<>"",if(BS64<>"",BS64,BT63),"") | BU64: =if(BS64="",BU63,BT63) | BV64: =if($BP64<>"", if($G$9="Male", if(and($G$5="lb",$BT64<20),1, if(and($G$5="lb",$BT64>=20,$BT64<=25),0.8, if(and($G$5="lb",$BT64>25),0.73, if(and($G$5="kg",$BT64<20),2.2, if(and($G$5="kg",$BT64>=20,$BT64<=25),1.76, if(and($G$5="kg",$BT64>25),1.606)))))), if($G$9="Female", if(and($G$5="lb",$BT64<=25),1, if(and($G$5="lb",$BT64>25),0.8, if(and($G$5="kg",$BT64<=25),2.2, if(and($G$5="kg",$BT64>25),1.76,"")))),""))) -> FALSE | BW64: =if($BP64<>"",if(abs(($BP64*$BV64)-$BW63)>=5,$BP64*$BV64,$BW63),"") | BX64: =if($BP64<>"", if($G$9="Male", if(and($G$5="lb",$BT64<20),0.8, if(and($G$5="lb",$BT64>=20),0.73, if(and($G$5="kg",$BT64<20),1.76, if(and($G$5="kg",$BT64>=20),1.606)))), if($G$9="Female", if($G$5="lb",0.8,1.76),""))) -> FALSE | BY64: =if($BP64<>"", if($G$9="Male", if(and($G$5="lb",$BT64<20),1.2, if(and($G$5="lb",$BT64>=20),1, if(and($G$5="kg",$BT64<20),2.64, if(and($G$5="kg",$BT64>=20),2.2)))), if($G$9="Female", if($G$5="lb",1.4,3.08),""))) -> FALSE | BZ64: =if(BW64<>BW63,BP64*BX64,BZ63) -> 0 | CA64: =if(BW64<>BW63,BP64*BY64,CA63) -> 0
D65: =D63 -> Calories | L65: =if(counta(E65:K65)=0,"",AVERAGE(E65:K65)) | AC65: =AB65 | AD65: =AC65+1 -> 1 | AE65: =AD65+1 -> 2 | AF65: =AE65+1 -> 3 | AG65: =AF65+1 -> 4 | AH65: =AG65+1 -> 5 | AI65: =AH65+1 -> 6 | AJ65: =AJ64+0.5 -> 15.5 | AL65: =COUNT(AP65:AV65) -> 0 | AM65: =AM64 | AP65: =IF(COUNT($E65:$K65)<1,"",IF(E65="",AQ59,E65)) | AQ65: =IF(F65="",AP65,F65) | AR65: =IF(G65="",AQ65,G65) | AS65: =IF(H65="",AR65,H65) | AT65: =IF(I65="",AS65,I65) | AU65: =IF(J65="",AT65,J65) | AV65: =IF(K65="",AU65,K65) | AW65: =IF(AL65=0,AW63,average(AP65:AV65)) | BO65: =IFERROR(__xludf.DUMMYFUNCTION("""COMPUTED_VALUE"""),"") | BP65: =if(BO65<>"",BO65,BP64) | BQ65: =IFERROR(__xludf.DUMMYFUNCTION("""COMPUTED_VALUE"""),"") | BS65: =if($G$13="Enable",if(BQ65<>"",BQ65,BR65),if(BR65<>"",BR65,BQ65)) | BT65: =if($BP65<>"",if(BS65<>"",BS65,BT64),"") | BU65: =if(BS65="",BU64,BT64) | BV65: =if($BP65<>"", if($G$9="Male", if(and($G$5="lb",$BT65<20),1, if(and($G$5="lb",$BT65>=20,$BT65<=25),0.8, if(and($G$5="lb",$BT65>25),0.73, if(and($G$5="kg",$BT65<20),2.2, if(and($G$5="kg",$BT65>=20,$BT65<=25),1.76, if(and($G$5="kg",$BT65>25),1.606)))))), if($G$9="Female", if(and($G$5="lb",$BT65<=25),1, if(and($G$5="lb",$BT65>25),0.8, if(and($G$5="kg",$BT65<=25),2.2, if(and($G$5="kg",$BT65>25),1.76,"")))),""))) -> FALSE | BW65: =if($BP65<>"",if(abs(($BP65*$BV65)-$BW64)>=5,$BP65*$BV65,$BW64),"") | BX65: =if($BP65<>"", if($G$9="Male", if(and($G$5="lb",$BT65<20),0.8, if(and($G$5="lb",$BT65>=20),0.73, if(and($G$5="kg",$BT65<20),1.76, if(and($G$5="kg",$BT65>=20),1.606)))), if($G$9="Female", if($G$5="lb",0.8,1.76),""))) -> FALSE | BY65: =if($BP65<>"", if($G$9="Male", if(and($G$5="lb",$BT65<20),1.2, if(and($G$5="lb",$BT65>=20),1, if(and($G$5="kg",$BT65<20),2.64, if(and($G$5="kg",$BT65>=20),2.2)))), if($G$9="Female", if($G$5="lb",1.4,3.08),""))) -> FALSE | BZ65: =if(BW65<>BW64,BP65*BX65,BZ64) -> 0 | CA65: =if(BW65<>BW64,BP65*BY65,CA64) -> 0
B66: =IF(B64="","",B64+7) | D66: =D64 -> Weight | L66: =if(counta(E66:K66)=0,"",AVERAGE(E66:K66)) | Q66: =BL66 | S66: =IFERROR(__xludf.DUMMYFUNCTION("IF(L66="""","""",(L66-index(filter($L$36:L64,$L$36:L64<>"""",ISEVEN(row($L$36:L64))),count(filter($L$36:L64,$L$36:L64<>"""",iseven(row($L$36:L64)))),1)))"),"") | U66: =if(BD$24=FALSE,"",IF(L66="","",BC66)) | W66: =IF(count(S66:S67)>1,1,0) -> 0 | X66: =if(Y66="","","Week 16") | Y66: =IF(S66="","",text(B66,"MMM-YY")) | AC66: =AB66 | AD66: =AC66+1 -> 1 | AE66: =AD66+1 -> 2 | AF66: =AE66+1 -> 3 | AG66: =AF66+1 -> 4 | AH66: =AG66+1 -> 5 | AI66: =AH66+1 -> 6 | AJ66: =AJ64+1 -> 16 | AK66: 15 | AL66: =COUNT(AP66:AV66) -> 0 | AM66: =IF(K66="",AM64,K66) | AP66: =IF(COUNT($E66:$K66)<1,"",IF(E66="",AQ60,E66)) | AQ66: =IF(F66="",AP66,F66) | AR66: =IF(G66="",AQ66,G66) | AS66: =IF(H66="",AR66,H66) | AT66: =IF(I66="",AS66,I66) | AU66: =IF(J66="",AT66,J66) | AV66: =IF(K66="",AU66,K66) | AW66: =IF(AL66=0,AW64,average(AP66:AV66)) | AX66: =if(AND(AW66=AX$34,$AL66>0),ROW(),0) -> 0 | AY66: =if(AND(AW66=AY$34,$AL66>0),ROW(),0) -> 0 | AZ66: =IF(AW66="","",AW66-AW64) | BA66: =if(BB66>0,row(),0) -> 66 | BB66: =max(if(E66=AW$30,COLUMN(E66),0),if(F66=AW$30,COLUMN(F66),0),if(G66=AW$30,COLUMN(G66),0),if(H66=AW$30,COLUMN(H66),0),if(I66=AW$30,COLUMN(I66),0),if(J66=AW$30,COLUMN(J66),0),if(K66=AW$30,COLUMN(K66),0)) -> 11 | BC66: =IF(BD66="","",IF(AZ66="","",BD66)) | BD66: =IF(AL66=0,BD64,IF(AL67=0,BD64,((AW67+(((-AZ66)*$BD$7)/AL67)+sum($BE$38:BE64))/AK66))) -> 0 | BE66: =IF(AL66=0,BE64,IF(AL67=0,BE64,AW67+(((-AZ66)*$BD$7)/AL67))) -> 0 | BJ66: =text(B66,"YYYY MMM") | BL66: =if($G$13="Disable","", if($G$9="","",if(and($G$9="Male",count($N66:$O66)<>2),"", if(and($G$9="Male",count($N66:$O66)=2),round(if($N66="","", if($G$14="cm",86.01*log($N66-$O66)-70.041*log($G$15)+30.3, if($G$14="inch",86.01*log(($N66-$O66)*2.54)-70.041*log($G$15*2.54)+30.3))),0), if(and($G$9="Female",count($N66:$P66)<>3),"", if(and($G$9="Female",count($N66:$P66)=3),round(if($N66="","", if($G$14="cm",495/(1.29579-0.35004*log10($N66+$P66-$O66)+0.221 * log10($G$15))-450, if($G$14="inch",495/(1.29579-0.35004*log10(($N66+$P66-$O66)*2.54)+0.221 * log10($G$15*2.54))-450))),0))))))) | BO66: =IFERROR(__xludf.DUMMYFUNCTION("""COMPUTED_VALUE"""),"") | BP66: =if(BO66<>"",BO66,BP65) | BQ66: =IFERROR(__xludf.DUMMYFUNCTION("""COMPUTED_VALUE"""),"") | BS66: =if($G$13="Enable",if(BQ66<>"",BQ66,BR66),if(BR66<>"",BR66,BQ66)) | BT66: =if($BP66<>"",if(BS66<>"",BS66,BT65),"") | BU66: =if(BS66="",BU65,BT65) | BV66: =if($BP66<>"", if($G$9="Male", if(and($G$5="lb",$BT66<20),1, if(and($G$5="lb",$BT66>=20,$BT66<=25),0.8, if(and($G$5="lb",$BT66>25),0.73, if(and($G$5="kg",$BT66<20),2.2, if(and($G$5="kg",$BT66>=20,$BT66<=25),1.76, if(and($G$5="kg",$BT66>25),1.606)))))), if($G$9="Female", if(and($G$5="lb",$BT66<=25),1, if(and($G$5="lb",$BT66>25),0.8, if(and($G$5="kg",$BT66<=25),2.2, if(and($G$5="kg",$BT66>25),1.76,"")))),""))) -> FALSE | BW66: =if($BP66<>"",if(abs(($BP66*$BV66)-$BW65)>=5,$BP66*$BV66,$BW65),"") | BX66: =if($BP66<>"", if($G$9="Male", if(and($G$5="lb",$BT66<20),0.8, if(and($G$5="lb",$BT66>=20),0.73, if(and($G$5="kg",$BT66<20),1.76, if(and($G$5="kg",$BT66>=20),1.606)))), if($G$9="Female", if($G$5="lb",0.8,1.76),""))) -> FALSE | BY66: =if($BP66<>"", if($G$9="Male", if(and($G$5="lb",$BT66<20),1.2, if(and($G$5="lb",$BT66>=20),1, if(and($G$5="kg",$BT66<20),2.64, if(and($G$5="kg",$BT66>=20),2.2)))), if($G$9="Female", if($G$5="lb",1.4,3.08),""))) -> FALSE | BZ66: =if(BW66<>BW65,BP66*BX66,BZ65) -> 0 | CA66: =if(BW66<>BW65,BP66*BY66,CA65) -> 0
D67: =D65 -> Calories | L67: =if(counta(E67:K67)=0,"",AVERAGE(E67:K67)) | AC67: =AB67 | AD67: =AC67+1 -> 1 | AE67: =AD67+1 -> 2 | AF67: =AE67+1 -> 3 | AG67: =AF67+1 -> 4 | AH67: =AG67+1 -> 5 | AI67: =AH67+1 -> 6 | AJ67: =AJ66+0.5 -> 16.5 | AL67: =COUNT(AP67:AV67) -> 0 | AM67: =AM66 | AP67: =IF(COUNT($E67:$K67)<1,"",IF(E67="",AQ61,E67)) | AQ67: =IF(F67="",AP67,F67) | AR67: =IF(G67="",AQ67,G67) | AS67: =IF(H67="",AR67,H67) | AT67: =IF(I67="",AS67,I67) | AU67: =IF(J67="",AT67,J67) | AV67: =IF(K67="",AU67,K67) | AW67: =IF(AL67=0,AW65,average(AP67:AV67)) | BO67: =IFERROR(__xludf.DUMMYFUNCTION("""COMPUTED_VALUE"""),"") | BP67: =if(BO67<>"",BO67,BP66) | BQ67: =IFERROR(__xludf.DUMMYFUNCTION("""COMPUTED_VALUE"""),"") | BS67: =if($G$13="Enable",if(BQ67<>"",BQ67,BR67),if(BR67<>"",BR67,BQ67)) | BT67: =if($BP67<>"",if(BS67<>"",BS67,BT66),"") | BU67: =if(BS67="",BU66,BT66) | BV67: =if($BP67<>"", if($G$9="Male", if(and($G$5="lb",$BT67<20),1, if(and($G$5="lb",$BT67>=20,$BT67<=25),0.8, if(and($G$5="lb",$BT67>25),0.73, if(and($G$5="kg",$BT67<20),2.2, if(and($G$5="kg",$BT67>=20,$BT67<=25),1.76, if(and($G$5="kg",$BT67>25),1.606)))))), if($G$9="Female", if(and($G$5="lb",$BT67<=25),1, if(and($G$5="lb",$BT67>25),0.8, if(and($G$5="kg",$BT67<=25),2.2, if(and($G$5="kg",$BT67>25),1.76,"")))),""))) -> FALSE | BW67: =if($BP67<>"",if(abs(($BP67*$BV67)-$BW66)>=5,$BP67*$BV67,$BW66),"") | BX67: =if($BP67<>"", if($G$9="Male", if(and($G$5="lb",$BT67<20),0.8, if(and($G$5="lb",$BT67>=20),0.73, if(and($G$5="kg",$BT67<20),1.76, if(and($G$5="kg",$BT67>=20),1.606)))), if($G$9="Female", if($G$5="lb",0.8,1.76),""))) -> FALSE | BY67: =if($BP67<>"", if($G$9="Male", if(and($G$5="lb",$BT67<20),1.2, if(and($G$5="lb",$BT67>=20),1, if(and($G$5="kg",$BT67<20),2.64, if(and($G$5="kg",$BT67>=20),2.2)))), if($G$9="Female", if($G$5="lb",1.4,3.08),""))) -> FALSE | BZ67: =if(BW67<>BW66,BP67*BX67,BZ66) -> 0 | CA67: =if(BW67<>BW66,BP67*BY67,CA66) -> 0
B68: =IF(B66="","",B66+7) | D68: =D66 -> Weight | L68: =if(counta(E68:K68)=0,"",AVERAGE(E68:K68)) | Q68: =BL68 | S68: =IFERROR(__xludf.DUMMYFUNCTION("IF(L68="""","""",(L68-index(filter($L$36:L66,$L$36:L66<>"""",ISEVEN(row($L$36:L66))),count(filter($L$36:L66,$L$36:L66<>"""",iseven(row($L$36:L66)))),1)))"),"") | U68: =if(BD$24=FALSE,"",IF(L68="","",BC68)) | W68: =IF(count(S68:S69)>1,1,0) -> 0 | X68: =if(Y68="","","Week 17") | Y68: =IF(S68="","",text(B68,"MMM-YY")) | AC68: =AB68 | AD68: =AC68+1 -> 1 | AE68: =AD68+1 -> 2 | AF68: =AE68+1 -> 3 | AG68: =AF68+1 -> 4 | AH68: =AG68+1 -> 5 | AI68: =AH68+1 -> 6 | AJ68: =AJ66+1 -> 17 | AK68: 16 | AL68: =COUNT(AP68:AV68) -> 0 | AM68: =IF(K68="",AM66,K68) | AP68: =IF(COUNT($E68:$K68)<1,"",IF(E68="",AQ62,E68)) | AQ68: =IF(F68="",AP68,F68) | AR68: =IF(G68="",AQ68,G68) | AS68: =IF(H68="",AR68,H68) | AT68: =IF(I68="",AS68,I68) | AU68: =IF(J68="",AT68,J68) | AV68: =IF(K68="",AU68,K68) | AW68: =IF(AL68=0,AW66,average(AP68:AV68)) | AX68: =if(AND(AW68=AX$34,$AL68>0),ROW(),0) -> 0 | AY68: =if(AND(AW68=AY$34,$AL68>0),ROW(),0) -> 0 | AZ68: =IF(AW68="","",AW68-AW66) | BA68: =if(BB68>0,row(),0) -> 68 | BB68: =max(if(E68=AW$30,COLUMN(E68),0),if(F68=AW$30,COLUMN(F68),0),if(G68=AW$30,COLUMN(G68),0),if(H68=AW$30,COLUMN(H68),0),if(I68=AW$30,COLUMN(I68),0),if(J68=AW$30,COLUMN(J68),0),if(K68=AW$30,COLUMN(K68),0)) -> 11 | BC68: =IF(BD68="","",IF(AZ68="","",BD68)) | BD68: =IF(AL68=0,BD66,IF(AL69=0,BD66,((AW69+(((-AZ68)*$BD$7)/AL69)+sum($BE$38:BE66))/AK68))) -> 0 | BE68: =IF(AL68=0,BE66,IF(AL69=0,BE66,AW69+(((-AZ68)*$BD$7)/AL69))) -> 0 | BJ68: =text(B68,"YYYY MMM") | BL68: =if($G$13="Disable","", if($G$9="","",if(and($G$9="Male",count($N68:$O68)<>2),"", if(and($G$9="Male",count($N68:$O68)=2),round(if($N68="","", if($G$14="cm",86.01*log($N68-$O68)-70.041*log($G$15)+30.3, if($G$14="inch",86.01*log(($N68-$O68)*2.54)-70.041*log($G$15*2.54)+30.3))),0), if(and($G$9="Female",count($N68:$P68)<>3),"", if(and($G$9="Female",count($N68:$P68)=3),round(if($N68="","", if($G$14="cm",495/(1.29579-0.35004*log10($N68+$P68-$O68)+0.221 * log10($G$15))-450, if($G$14="inch",495/(1.29579-0.35004*log10(($N68+$P68-$O68)*2.54)+0.221 * log10($G$15*2.54))-450))),0))))))) | BO68: =IFERROR(__xludf.DUMMYFUNCTION("""COMPUTED_VALUE"""),"") | BP68: =if(BO68<>"",BO68,BP67) | BQ68: =IFERROR(__xludf.DUMMYFUNCTION("""COMPUTED_VALUE"""),"") | BS68: =if($G$13="Enable",if(BQ68<>"",BQ68,BR68),if(BR68<>"",BR68,BQ68)) | BT68: =if($BP68<>"",if(BS68<>"",BS68,BT67),"") | BU68: =if(BS68="",BU67,BT67) | BV68: =if($BP68<>"", if($G$9="Male", if(and($G$5="lb",$BT68<20),1, if(and($G$5="lb",$BT68>=20,$BT68<=25),0.8, if(and($G$5="lb",$BT68>25),0.73, if(and($G$5="kg",$BT68<20),2.2, if(and($G$5="kg",$BT68>=20,$BT68<=25),1.76, if(and($G$5="kg",$BT68>25),1.606)))))), if($G$9="Female", if(and($G$5="lb",$BT68<=25),1, if(and($G$5="lb",$BT68>25),0.8, if(and($G$5="kg",$BT68<=25),2.2, if(and($G$5="kg",$BT68>25),1.76,"")))),""))) -> FALSE | BW68: =if($BP68<>"",if(abs(($BP68*$BV68)-$BW67)>=5,$BP68*$BV68,$BW67),"") | BX68: =if($BP68<>"", if($G$9="Male", if(and($G$5="lb",$BT68<20),0.8, if(and($G$5="lb",$BT68>=20),0.73, if(and($G$5="kg",$BT68<20),1.76, if(and($G$5="kg",$BT68>=20),1.606)))), if($G$9="Female", if($G$5="lb",0.8,1.76),""))) -> FALSE | BY68: =if($BP68<>"", if($G$9="Male", if(and($G$5="lb",$BT68<20),1.2, if(and($G$5="lb",$BT68>=20),1, if(and($G$5="kg",$BT68<20),2.64, if(and($G$5="kg",$BT68>=20),2.2)))), if($G$9="Female", if($G$5="lb",1.4,3.08),""))) -> FALSE | BZ68: =if(BW68<>BW67,BP68*BX68,BZ67) -> 0 | CA68: =if(BW68<>BW67,BP68*BY68,CA67) -> 0
D69: =D67 -> Calories | L69: =if(counta(E69:K69)=0,"",AVERAGE(E69:K69)) | AC69: =AB69 | AD69: =AC69+1 -> 1 | AE69: =AD69+1 -> 2 | AF69: =AE69+1 -> 3 | AG69: =AF69+1 -> 4 | AH69: =AG69+1 -> 5 | AI69: =AH69+1 -> 6 | AJ69: =AJ68+0.5 -> 17.5 | AL69: =COUNT(AP69:AV69) -> 0 | AM69: =AM68 | AP69: =IF(COUNT($E69:$K69)<1,"",IF(E69="",AQ63,E69)) | AQ69: =IF(F69="",AP69,F69) | AR69: =IF(G69="",AQ69,G69) | AS69: =IF(H69="",AR69,H69) | AT69: =IF(I69="",AS69,I69) | AU69: =IF(J69="",AT69,J69) | AV69: =IF(K69="",AU69,K69) | AW69: =IF(AL69=0,AW67,average(AP69:AV69)) | BO69: =IFERROR(__xludf.DUMMYFUNCTION("""COMPUTED_VALUE"""),"") | BP69: =if(BO69<>"",BO69,BP68) | BQ69: =IFERROR(__xludf.DUMMYFUNCTION("""COMPUTED_VALUE"""),"") | BS69: =if($G$13="Enable",if(BQ69<>"",BQ69,BR69),if(BR69<>"",BR69,BQ69)) | BT69: =if($BP69<>"",if(BS69<>"",BS69,BT68),"") | BU69: =if(BS69="",BU68,BT68) | BV69: =if($BP69<>"", if($G$9="Male", if(and($G$5="lb",$BT69<20),1, if(and($G$5="lb",$BT69>=20,$BT69<=25),0.8, if(and($G$5="lb",$BT69>25),0.73, if(and($G$5="kg",$BT69<20),2.2, if(and($G$5="kg",$BT69>=20,$BT69<=25),1.76, if(and($G$5="kg",$BT69>25),1.606)))))), if($G$9="Female", if(and($G$5="lb",$BT69<=25),1, if(and($G$5="lb",$BT69>25),0.8, if(and($G$5="kg",$BT69<=25),2.2, if(and($G$5="kg",$BT69>25),1.76,"")))),""))) -> FALSE | BW69: =if($BP69<>"",if(abs(($BP69*$BV69)-$BW68)>=5,$BP69*$BV69,$BW68),"") | BX69: =if($BP69<>"", if($G$9="Male", if(and($G$5="lb",$BT69<20),0.8, if(and($G$5="lb",$BT69>=20),0.73, if(and($G$5="kg",$BT69<20),1.76, if(and($G$5="kg",$BT69>=20),1.606)))), if($G$9="Female", if($G$5="lb",0.8,1.76),""))) -> FALSE | BY69: =if($BP69<>"", if($G$9="Male", if(and($G$5="lb",$BT69<20),1.2, if(and($G$5="lb",$BT69>=20),1, if(and($G$5="kg",$BT69<20),2.64, if(and($G$5="kg",$BT69>=20),2.2)))), if($G$9="Female", if($G$5="lb",1.4,3.08),""))) -> FALSE | BZ69: =if(BW69<>BW68,BP69*BX69,BZ68) -> 0 | CA69: =if(BW69<>BW68,BP69*BY69,CA68) -> 0
B70: =IF(B68="","",B68+7) | D70: =D68 -> Weight | L70: =if(counta(E70:K70)=0,"",AVERAGE(E70:K70)) | Q70: =BL70 | S70: =IFERROR(__xludf.DUMMYFUNCTION("IF(L70="""","""",(L70-index(filter($L$36:L68,$L$36:L68<>"""",ISEVEN(row($L$36:L68))),count(filter($L$36:L68,$L$36:L68<>"""",iseven(row($L$36:L68)))),1)))"),"") | U70: =if(BD$24=FALSE,"",IF(L70="","",BC70)) | W70: =IF(count(S70:S71)>1,1,0) -> 0 | X70: =if(Y70="","","Week 18") | Y70: =IF(S70="","",text(B70,"MMM-YY")) | AC70: =AB70 | AD70: =AC70+1 -> 1 | AE70: =AD70+1 -> 2 | AF70: =AE70+1 -> 3 | AG70: =AF70+1 -> 4 | AH70: =AG70+1 -> 5 | AI70: =AH70+1 -> 6 | AJ70: =AJ68+1 -> 18 | AK70: 17 | AL70: =COUNT(AP70:AV70) -> 0 | AM70: =IF(K70="",AM68,K70) | AP70: =IF(COUNT($E70:$K70)<1,"",IF(E70="",AQ64,E70)) | AQ70: =IF(F70="",AP70,F70) | AR70: =IF(G70="",AQ70,G70) | AS70: =IF(H70="",AR70,H70) | AT70: =IF(I70="",AS70,I70) | AU70: =IF(J70="",AT70,J70) | AV70: =IF(K70="",AU70,K70) | AW70: =IF(AL70=0,AW68,average(AP70:AV70)) | AX70: =if(AND(AW70=AX$34,$AL70>0),ROW(),0) -> 0 | AY70: =if(AND(AW70=AY$34,$AL70>0),ROW(),0) -> 0 | AZ70: =IF(AW70="","",AW70-AW68) | BA70: =if(BB70>0,row(),0) -> 70 | BB70: =max(if(E70=AW$30,COLUMN(E70),0),if(F70=AW$30,COLUMN(F70),0),if(G70=AW$30,COLUMN(G70),0),if(H70=AW$30,COLUMN(H70),0),if(I70=AW$30,COLUMN(I70),0),if(J70=AW$30,COLUMN(J70),0),if(K70=AW$30,COLUMN(K70),0)) -> 11 | BC70: =IF(BD70="","",IF(AZ70="","",BD70)) | BD70: =IF(AL70=0,BD68,IF(AL71=0,BD68,((AW71+(((-AZ70)*$BD$7)/AL71)+sum($BE$38:BE68))/AK70))) -> 0 | BE70: =IF(AL70=0,BE68,IF(AL71=0,BE68,AW71+(((-AZ70)*$BD$7)/AL71))) -> 0 | BJ70: =text(B70,"YYYY MMM") | BL70: =if($G$13="Disable","", if($G$9="","",if(and($G$9="Male",count($N70:$O70)<>2),"", if(and($G$9="Male",count($N70:$O70)=2),round(if($N70="","", if($G$14="cm",86.01*log($N70-$O70)-70.041*log($G$15)+30.3, if($G$14="inch",86.01*log(($N70-$O70)*2.54)-70.041*log($G$15*2.54)+30.3))),0), if(and($G$9="Female",count($N70:$P70)<>3),"", if(and($G$9="Female",count($N70:$P70)=3),round(if($N70="","", if($G$14="cm",495/(1.29579-0.35004*log10($N70+$P70-$O70)+0.221 * log10($G$15))-450, if($G$14="inch",495/(1.29579-0.35004*log10(($N70+$P70-$O70)*2.54)+0.221 * log10($G$15*2.54))-450))),0))))))) | BO70: =IFERROR(__xludf.DUMMYFUNCTION("""COMPUTED_VALUE"""),"") | BP70: =if(BO70<>"",BO70,BP69) | BQ70: =IFERROR(__xludf.DUMMYFUNCTION("""COMPUTED_VALUE"""),"") | BS70: =if($G$13="Enable",if(BQ70<>"",BQ70,BR70),if(BR70<>"",BR70,BQ70)) | BT70: =if($BP70<>"",if(BS70<>"",BS70,BT69),"") | BU70: =if(BS70="",BU69,BT69) | BV70: =if($BP70<>"", if($G$9="Male", if(and($G$5="lb",$BT70<20),1, if(and($G$5="lb",$BT70>=20,$BT70<=25),0.8, if(and($G$5="lb",$BT70>25),0.73, if(and($G$5="kg",$BT70<20),2.2, if(and($G$5="kg",$BT70>=20,$BT70<=25),1.76, if(and($G$5="kg",$BT70>25),1.606)))))), if($G$9="Female", if(and($G$5="lb",$BT70<=25),1, if(and($G$5="lb",$BT70>25),0.8, if(and($G$5="kg",$BT70<=25),2.2, if(and($G$5="kg",$BT70>25),1.76,"")))),""))) -> FALSE | BW70: =if($BP70<>"",if(abs(($BP70*$BV70)-$BW69)>=5,$BP70*$BV70,$BW69),"") | BX70: =if($BP70<>"", if($G$9="Male", if(and($G$5="lb",$BT70<20),0.8, if(and($G$5="lb",$BT70>=20),0.73, if(and($G$5="kg",$BT70<20),1.76, if(and($G$5="kg",$BT70>=20),1.606)))), if($G$9="Female", if($G$5="lb",0.8,1.76),""))) -> FALSE | BY70: =if($BP70<>"", if($G$9="Male", if(and($G$5="lb",$BT70<20),1.2, if(and($G$5="lb",$BT70>=20),1, if(and($G$5="kg",$BT70<20),2.64, if(and($G$5="kg",$BT70>=20),2.2)))), if($G$9="Female", if($G$5="lb",1.4,3.08),""))) -> FALSE | BZ70: =if(BW70<>BW69,BP70*BX70,BZ69) -> 0 | CA70: =if(BW70<>BW69,BP70*BY70,CA69) -> 0
D71: =D69 -> Calories | L71: =if(counta(E71:K71)=0,"",AVERAGE(E71:K71)) | AC71: =AB71 | AD71: =AC71+1 -> 1 | AE71: =AD71+1 -> 2 | AF71: =AE71+1 -> 3 | AG71: =AF71+1 -> 4 | AH71: =AG71+1 -> 5 | AI71: =AH71+1 -> 6 | AJ71: =AJ70+0.5 -> 18.5 | AL71: =COUNT(AP71:AV71) -> 0 | AM71: =AM70 | AP71: =IF(COUNT($E71:$K71)<1,"",IF(E71="",AQ65,E71)) | AQ71: =IF(F71="",AP71,F71) | AR71: =IF(G71="",AQ71,G71) | AS71: =IF(H71="",AR71,H71) | AT71: =IF(I71="",AS71,I71) | AU71: =IF(J71="",AT71,J71) | AV71: =IF(K71="",AU71,K71) | AW71: =IF(AL71=0,AW69,average(AP71:AV71)) | BO71: =IFERROR(__xludf.DUMMYFUNCTION("""COMPUTED_VALUE"""),"") | BP71: =if(BO71<>"",BO71,BP70) | BQ71: =IFERROR(__xludf.DUMMYFUNCTION("""COMPUTED_VALUE"""),"") | BS71: =if($G$13="Enable",if(BQ71<>"",BQ71,BR71),if(BR71<>"",BR71,BQ71)) | BT71: =if($BP71<>"",if(BS71<>"",BS71,BT70),"") | BU71: =if(BS71="",BU70,BT70) | BV71: =if($BP71<>"", if($G$9="Male", if(and($G$5="lb",$BT71<20),1, if(and($G$5="lb",$BT71>=20,$BT71<=25),0.8, if(and($G$5="lb",$BT71>25),0.73, if(and($G$5="kg",$BT71<20),2.2, if(and($G$5="kg",$BT71>=20,$BT71<=25),1.76, if(and($G$5="kg",$BT71>25),1.606)))))), if($G$9="Female", if(and($G$5="lb",$BT71<=25),1, if(and($G$5="lb",$BT71>25),0.8, if(and($G$5="kg",$BT71<=25),2.2, if(and($G$5="kg",$BT71>25),1.76,"")))),""))) -> FALSE | BW71: =if($BP71<>"",if(abs(($BP71*$BV71)-$BW70)>=5,$BP71*$BV71,$BW70),"") | BX71: =if($BP71<>"", if($G$9="Male", if(and($G$5="lb",$BT71<20),0.8, if(and($G$5="lb",$BT71>=20),0.73, if(and($G$5="kg",$BT71<20),1.76, if(and($G$5="kg",$BT71>=20),1.606)))), if($G$9="Female", if($G$5="lb",0.8,1.76),""))) -> FALSE | BY71: =if($BP71<>"", if($G$9="Male", if(and($G$5="lb",$BT71<20),1.2, if(and($G$5="lb",$BT71>=20),1, if(and($G$5="kg",$BT71<20),2.64, if(and($G$5="kg",$BT71>=20),2.2)))), if($G$9="Female", if($G$5="lb",1.4,3.08),""))) -> FALSE | BZ71: =if(BW71<>BW70,BP71*BX71,BZ70) -> 0 | CA71: =if(BW71<>BW70,BP71*BY71,CA70) -> 0
B72: =IF(B70="","",B70+7) | D72: =D70 -> Weight | L72: =if(counta(E72:K72)=0,"",AVERAGE(E72:K72)) | Q72: =BL72 | S72: =IFERROR(__xludf.DUMMYFUNCTION("IF(L72="""","""",(L72-index(filter($L$36:L70,$L$36:L70<>"""",ISEVEN(row($L$36:L70))),count(filter($L$36:L70,$L$36:L70<>"""",iseven(row($L$36:L70)))),1)))"),"") | U72: =if(BD$24=FALSE,"",IF(L72="","",BC72)) | W72: =IF(count(S72:S73)>1,1,0) -> 0 | X72: =if(Y72="","","Week 19") | Y72: =IF(S72="","",text(B72,"MMM-YY")) | AC72: =AB72 | AD72: =AC72+1 -> 1 | AE72: =AD72+1 -> 2 | AF72: =AE72+1 -> 3 | AG72: =AF72+1 -> 4 | AH72: =AG72+1 -> 5 | AI72: =AH72+1 -> 6 | AJ72: =AJ70+1 -> 19 | AK72: 18 | AL72: =COUNT(AP72:AV72) -> 0 | AM72: =IF(K72="",AM70,K72) | AP72: =IF(COUNT($E72:$K72)<1,"",IF(E72="",AQ66,E72)) | AQ72: =IF(F72="",AP72,F72) | AR72: =IF(G72="",AQ72,G72) | AS72: =IF(H72="",AR72,H72) | AT72: =IF(I72="",AS72,I72) | AU72: =IF(J72="",AT72,J72) | AV72: =IF(K72="",AU72,K72) | AW72: =IF(AL72=0,AW70,average(AP72:AV72)) | AX72: =if(AND(AW72=AX$34,$AL72>0),ROW(),0) -> 0 | AY72: =if(AND(AW72=AY$34,$AL72>0),ROW(),0) -> 0 | AZ72: =IF(AW72="","",AW72-AW70) | BA72: =if(BB72>0,row(),0) -> 72 | BB72: =max(if(E72=AW$30,COLUMN(E72),0),if(F72=AW$30,COLUMN(F72),0),if(G72=AW$30,COLUMN(G72),0),if(H72=AW$30,COLUMN(H72),0),if(I72=AW$30,COLUMN(I72),0),if(J72=AW$30,COLUMN(J72),0),if(K72=AW$30,COLUMN(K72),0)) -> 11 | BC72: =IF(BD72="","",IF(AZ72="","",BD72)) | BD72: =IF(AL72=0,BD70,IF(AL73=0,BD70,((AW73+(((-AZ72)*$BD$7)/AL73)+sum($BE$38:BE70))/AK72))) -> 0 | BE72: =IF(AL72=0,BE70,IF(AL73=0,BE70,AW73+(((-AZ72)*$BD$7)/AL73))) -> 0 | BJ72: =text(B72,"YYYY MMM") | BL72: =if($G$13="Disable","", if($G$9="","",if(and($G$9="Male",count($N72:$O72)<>2),"", if(and($G$9="Male",count($N72:$O72)=2),round(if($N72="","", if($G$14="cm",86.01*log($N72-$O72)-70.041*log($G$15)+30.3, if($G$14="inch",86.01*log(($N72-$O72)*2.54)-70.041*log($G$15*2.54)+30.3))),0), if(and($G$9="Female",count($N72:$P72)<>3),"", if(and($G$9="Female",count($N72:$P72)=3),round(if($N72="","", if($G$14="cm",495/(1.29579-0.35004*log10($N72+$P72-$O72)+0.221 * log10($G$15))-450, if($G$14="inch",495/(1.29579-0.35004*log10(($N72+$P72-$O72)*2.54)+0.221 * log10($G$15*2.54))-450))),0))))))) | BO72: =IFERROR(__xludf.DUMMYFUNCTION("""COMPUTED_VALUE"""),"") | BP72: =if(BO72<>"",BO72,BP71) | BQ72: =IFERROR(__xludf.DUMMYFUNCTION("""COMPUTED_VALUE"""),"") | BS72: =if($G$13="Enable",if(BQ72<>"",BQ72,BR72),if(BR72<>"",BR72,BQ72)) | BT72: =if($BP72<>"",if(BS72<>"",BS72,BT71),"") | BU72: =if(BS72="",BU71,BT71) | BV72: =if($BP72<>"", if($G$9="Male", if(and($G$5="lb",$BT72<20),1, if(and($G$5="lb",$BT72>=20,$BT72<=25),0.8, if(and($G$5="lb",$BT72>25),0.73, if(and($G$5="kg",$BT72<20),2.2, if(and($G$5="kg",$BT72>=20,$BT72<=25),1.76, if(and($G$5="kg",$BT72>25),1.606)))))), if($G$9="Female", if(and($G$5="lb",$BT72<=25),1, if(and($G$5="lb",$BT72>25),0.8, if(and($G$5="kg",$BT72<=25),2.2, if(and($G$5="kg",$BT72>25),1.76,"")))),""))) -> FALSE | BW72: =if($BP72<>"",if(abs(($BP72*$BV72)-$BW71)>=5,$BP72*$BV72,$BW71),"") | BX72: =if($BP72<>"", if($G$9="Male", if(and($G$5="lb",$BT72<20),0.8, if(and($G$5="lb",$BT72>=20),0.73, if(and($G$5="kg",$BT72<20),1.76, if(and($G$5="kg",$BT72>=20),1.606)))), if($G$9="Female", if($G$5="lb",0.8,1.76),""))) -> FALSE | BY72: =if($BP72<>"", if($G$9="Male", if(and($G$5="lb",$BT72<20),1.2, if(and($G$5="lb",$BT72>=20),1, if(and($G$5="kg",$BT72<20),2.64, if(and($G$5="kg",$BT72>=20),2.2)))), if($G$9="Female", if($G$5="lb",1.4,3.08),""))) -> FALSE | BZ72: =if(BW72<>BW71,BP72*BX72,BZ71) -> 0 | CA72: =if(BW72<>BW71,BP72*BY72,CA71) -> 0
D73: =D71 -> Calories | L73: =if(counta(E73:K73)=0,"",AVERAGE(E73:K73)) | AC73: =AB73 | AD73: =AC73+1 -> 1 | AE73: =AD73+1 -> 2 | AF73: =AE73+1 -> 3 | AG73: =AF73+1 -> 4 | AH73: =AG73+1 -> 5 | AI73: =AH73+1 -> 6 | AJ73: =AJ72+0.5 -> 19.5 | AL73: =COUNT(AP73:AV73) -> 0 | AM73: =AM72 | AP73: =IF(COUNT($E73:$K73)<1,"",IF(E73="",AQ67,E73)) | AQ73: =IF(F73="",AP73,F73) | AR73: =IF(G73="",AQ73,G73) | AS73: =IF(H73="",AR73,H73) | AT73: =IF(I73="",AS73,I73) | AU73: =IF(J73="",AT73,J73) | AV73: =IF(K73="",AU73,K73) | AW73: =IF(AL73=0,AW71,average(AP73:AV73)) | BO73: =IFERROR(__xludf.DUMMYFUNCTION("""COMPUTED_VALUE"""),"") | BP73: =if(BO73<>"",BO73,BP72) | BQ73: =IFERROR(__xludf.DUMMYFUNCTION("""COMPUTED_VALUE"""),"") | BS73: =if($G$13="Enable",if(BQ73<>"",BQ73,BR73),if(BR73<>"",BR73,BQ73)) | BT73: =if($BP73<>"",if(BS73<>"",BS73,BT72),"") | BU73: =if(BS73="",BU72,BT72) | BV73: =if($BP73<>"", if($G$9="Male", if(and($G$5="lb",$BT73<20),1, if(and($G$5="lb",$BT73>=20,$BT73<=25),0.8, if(and($G$5="lb",$BT73>25),0.73, if(and($G$5="kg",$BT73<20),2.2, if(and($G$5="kg",$BT73>=20,$BT73<=25),1.76, if(and($G$5="kg",$BT73>25),1.606)))))), if($G$9="Female", if(and($G$5="lb",$BT73<=25),1, if(and($G$5="lb",$BT73>25),0.8, if(and($G$5="kg",$BT73<=25),2.2, if(and($G$5="kg",$BT73>25),1.76,"")))),""))) -> FALSE | BW73: =if($BP73<>"",if(abs(($BP73*$BV73)-$BW72)>=5,$BP73*$BV73,$BW72),"") | BX73: =if($BP73<>"", if($G$9="Male", if(and($G$5="lb",$BT73<20),0.8, if(and($G$5="lb",$BT73>=20),0.73, if(and($G$5="kg",$BT73<20),1.76, if(and($G$5="kg",$BT73>=20),1.606)))), if($G$9="Female", if($G$5="lb",0.8,1.76),""))) -> FALSE | BY73: =if($BP73<>"", if($G$9="Male", if(and($G$5="lb",$BT73<20),1.2, if(and($G$5="lb",$BT73>=20),1, if(and($G$5="kg",$BT73<20),2.64, if(and($G$5="kg",$BT73>=20),2.2)))), if($G$9="Female", if($G$5="lb",1.4,3.08),""))) -> FALSE | BZ73: =if(BW73<>BW72,BP73*BX73,BZ72) -> 0 | CA73: =if(BW73<>BW72,BP73*BY73,CA72) -> 0
B74: =IF(B72="","",B72+7) | D74: =D72 -> Weight | L74: =if(counta(E74:K74)=0,"",AVERAGE(E74:K74)) | Q74: =BL74 | S74: =IFERROR(__xludf.DUMMYFUNCTION("IF(L74="""","""",(L74-index(filter($L$36:L72,$L$36:L72<>"""",ISEVEN(row($L$36:L72))),count(filter($L$36:L72,$L$36:L72<>"""",iseven(row($L$36:L72)))),1)))"),"") | U74: =if(BD$24=FALSE,"",IF(L74="","",BC74)) | W74: =IF(count(S74:S75)>1,1,0) -> 0 | X74: =if(Y74="","","Week 20") | Y74: =IF(S74="","",text(B74,"MMM-YY")) | AC74: =AB74 | AD74: =AC74+1 -> 1 | AE74: =AD74+1 -> 2 | AF74: =AE74+1 -> 3 | AG74: =AF74+1 -> 4 | AH74: =AG74+1 -> 5 | AI74: =AH74+1 -> 6 | AJ74: =AJ72+1 -> 20 | AK74: 19 | AL74: =COUNT(AP74:AV74) -> 0 | AM74: =IF(K74="",AM72,K74) | AP74: =IF(COUNT($E74:$K74)<1,"",IF(E74="",AQ68,E74)) | AQ74: =IF(F74="",AP74,F74) | AR74: =IF(G74="",AQ74,G74) | AS74: =IF(H74="",AR74,H74) | AT74: =IF(I74="",AS74,I74) | AU74: =IF(J74="",AT74,J74) | AV74: =IF(K74="",AU74,K74) | AW74: =IF(AL74=0,AW72,average(AP74:AV74)) | AX74: =if(AND(AW74=AX$34,$AL74>0),ROW(),0) -> 0 | AY74: =if(AND(AW74=AY$34,$AL74>0),ROW(),0) -> 0 | AZ74: =IF(AW74="","",AW74-AW72) | BA74: =if(BB74>0,row(),0) -> 74 | BB74: =max(if(E74=AW$30,COLUMN(E74),0),if(F74=AW$30,COLUMN(F74),0),if(G74=AW$30,COLUMN(G74),0),if(H74=AW$30,COLUMN(H74),0),if(I74=AW$30,COLUMN(I74),0),if(J74=AW$30,COLUMN(J74),0),if(K74=AW$30,COLUMN(K74),0)) -> 11 | BC74: =IF(BD74="","",IF(AZ74="","",BD74)) | BD74: =IF(AL74=0,BD72,IF(AL75=0,BD72,((AW75+(((-AZ74)*$BD$7)/AL75)+sum($BE$38:BE72))/AK74))) -> 0 | BE74: =IF(AL74=0,BE72,IF(AL75=0,BE72,AW75+(((-AZ74)*$BD$7)/AL75))) -> 0 | BJ74: =text(B74,"YYYY MMM") | BL74: =if($G$13="Disable","", if($G$9="","",if(and($G$9="Male",count($N74:$O74)<>2),"", if(and($G$9="Male",count($N74:$O74)=2),round(if($N74="","", if($G$14="cm",86.01*log($N74-$O74)-70.041*log($G$15)+30.3, if($G$14="inch",86.01*log(($N74-$O74)*2.54)-70.041*log($G$15*2.54)+30.3))),0), if(and($G$9="Female",count($N74:$P74)<>3),"", if(and($G$9="Female",count($N74:$P74)=3),round(if($N74="","", if($G$14="cm",495/(1.29579-0.35004*log10($N74+$P74-$O74)+0.221 * log10($G$15))-450, if($G$14="inch",495/(1.29579-0.35004*log10(($N74+$P74-$O74)*2.54)+0.221 * log10($G$15*2.54))-450))),0))))))) | BO74: =IFERROR(__xludf.DUMMYFUNCTION("""COMPUTED_VALUE"""),"") | BP74: =if(BO74<>"",BO74,BP73) | BQ74: =IFERROR(__xludf.DUMMYFUNCTION("""COMPUTED_VALUE"""),"") | BS74: =if($G$13="Enable",if(BQ74<>"",BQ74,BR74),if(BR74<>"",BR74,BQ74)) | BT74: =if($BP74<>"",if(BS74<>"",BS74,BT73),"") | BU74: =if(BS74="",BU73,BT73) | BV74: =if($BP74<>"", if($G$9="Male", if(and($G$5="lb",$BT74<20),1, if(and($G$5="lb",$BT74>=20,$BT74<=25),0.8, if(and($G$5="lb",$BT74>25),0.73, if(and($G$5="kg",$BT74<20),2.2, if(and($G$5="kg",$BT74>=20,$BT74<=25),1.76, if(and($G$5="kg",$BT74>25),1.606)))))), if($G$9="Female", if(and($G$5="lb",$BT74<=25),1, if(and($G$5="lb",$BT74>25),0.8, if(and($G$5="kg",$BT74<=25),2.2, if(and($G$5="kg",$BT74>25),1.76,"")))),""))) -> FALSE | BW74: =if($BP74<>"",if(abs(($BP74*$BV74)-$BW73)>=5,$BP74*$BV74,$BW73),"") | BX74: =if($BP74<>"", if($G$9="Male", if(and($G$5="lb",$BT74<20),0.8, if(and($G$5="lb",$BT74>=20),0.73, if(and($G$5="kg",$BT74<20),1.76, if(and($G$5="kg",$BT74>=20),1.606)))), if($G$9="Female", if($G$5="lb",0.8,1.76),""))) -> FALSE | BY74: =if($BP74<>"", if($G$9="Male", if(and($G$5="lb",$BT74<20),1.2, if(and($G$5="lb",$BT74>=20),1, if(and($G$5="kg",$BT74<20),2.64, if(and($G$5="kg",$BT74>=20),2.2)))), if($G$9="Female", if($G$5="lb",1.4,3.08),""))) -> FALSE | BZ74: =if(BW74<>BW73,BP74*BX74,BZ73) -> 0 | CA74: =if(BW74<>BW73,BP74*BY74,CA73) -> 0
D75: =D73 -> Calories | L75: =if(counta(E75:K75)=0,"",AVERAGE(E75:K75)) | AC75: =AB75 | AD75: =AC75+1 -> 1 | AE75: =AD75+1 -> 2 | AF75: =AE75+1 -> 3 | AG75: =AF75+1 -> 4 | AH75: =AG75+1 -> 5 | AI75: =AH75+1 -> 6 | AJ75: =AJ74+0.5 -> 20.5 | AL75: =COUNT(AP75:AV75) -> 0 | AM75: =AM74 | AP75: =IF(COUNT($E75:$K75)<1,"",IF(E75="",AQ69,E75)) | AQ75: =IF(F75="",AP75,F75) | AR75: =IF(G75="",AQ75,G75) | AS75: =IF(H75="",AR75,H75) | AT75: =IF(I75="",AS75,I75) | AU75: =IF(J75="",AT75,J75) | AV75: =IF(K75="",AU75,K75) | AW75: =IF(AL75=0,AW73,average(AP75:AV75)) | BO75: =IFERROR(__xludf.DUMMYFUNCTION("""COMPUTED_VALUE"""),"") | BP75: =if(BO75<>"",BO75,BP74) | BQ75: =IFERROR(__xludf.DUMMYFUNCTION("""COMPUTED_VALUE"""),"") | BS75: =if($G$13="Enable",if(BQ75<>"",BQ75,BR75),if(BR75<>"",BR75,BQ75)) | BT75: =if($BP75<>"",if(BS75<>"",BS75,BT74),"") | BU75: =if(BS75="",BU74,BT74) | BV75: =if($BP75<>"", if($G$9="Male", if(and($G$5="lb",$BT75<20),1, if(and($G$5="lb",$BT75>=20,$BT75<=25),0.8, if(and($G$5="lb",$BT75>25),0.73, if(and($G$5="kg",$BT75<20),2.2, if(and($G$5="kg",$BT75>=20,$BT75<=25),1.76, if(and($G$5="kg",$BT75>25),1.606)))))), if($G$9="Female", if(and($G$5="lb",$BT75<=25),1, if(and($G$5="lb",$BT75>25),0.8, if(and($G$5="kg",$BT75<=25),2.2, if(and($G$5="kg",$BT75>25),1.76,"")))),""))) -> FALSE | BW75: =if($BP75<>"",if(abs(($BP75*$BV75)-$BW74)>=5,$BP75*$BV75,$BW74),"") | BX75: =if($BP75<>"", if($G$9="Male", if(and($G$5="lb",$BT75<20),0.8, if(and($G$5="lb",$BT75>=20),0.73, if(and($G$5="kg",$BT75<20),1.76, if(and($G$5="kg",$BT75>=20),1.606)))), if($G$9="Female", if($G$5="lb",0.8,1.76),""))) -> FALSE | BY75: =if($BP75<>"", if($G$9="Male", if(and($G$5="lb",$BT75<20),1.2, if(and($G$5="lb",$BT75>=20),1, if(and($G$5="kg",$BT75<20),2.64, if(and($G$5="kg",$BT75>=20),2.2)))), if($G$9="Female", if($G$5="lb",1.4,3.08),""))) -> FALSE | BZ75: =if(BW75<>BW74,BP75*BX75,BZ74) -> 0 | CA75: =if(BW75<>BW74,BP75*BY75,CA74) -> 0
B76: =IF(B74="","",B74+7) | D76: =D74 -> Weight | L76: =if(counta(E76:K76)=0,"",AVERAGE(E76:K76)) | Q76: =BL76 | S76: =IFERROR(__xludf.DUMMYFUNCTION("IF(L76="""","""",(L76-index(filter($L$36:L74,$L$36:L74<>"""",ISEVEN(row($L$36:L74))),count(filter($L$36:L74,$L$36:L74<>"""",iseven(row($L$36:L74)))),1)))"),"") | U76: =if(BD$24=FALSE,"",IF(L76="","",BC76)) | W76: =IF(count(S76:S77)>1,1,0) -> 0 | X76: =if(Y76="","","Week 21") | Y76: =IF(S76="","",text(B76,"MMM-YY")) | AC76: =AB76 | AD76: =AC76+1 -> 1 | AE76: =AD76+1 -> 2 | AF76: =AE76+1 -> 3 | AG76: =AF76+1 -> 4 | AH76: =AG76+1 -> 5 | AI76: =AH76+1 -> 6 | AJ76: =AJ74+1 -> 21 | AK76: 20 | AL76: =COUNT(AP76:AV76) -> 0 | AM76: =IF(K76="",AM74,K76) | AP76: =IF(COUNT($E76:$K76)<1,"",IF(E76="",AQ70,E76)) | AQ76: =IF(F76="",AP76,F76) | AR76: =IF(G76="",AQ76,G76) | AS76: =IF(H76="",AR76,H76) | AT76: =IF(I76="",AS76,I76) | AU76: =IF(J76="",AT76,J76) | AV76: =IF(K76="",AU76,K76) | AW76: =IF(AL76=0,AW74,average(AP76:AV76)) | AX76: =if(AND(AW76=AX$34,$AL76>0),ROW(),0) -> 0 | AY76: =if(AND(AW76=AY$34,$AL76>0),ROW(),0) -> 0 | AZ76: =IF(AW76="","",AW76-AW74) | BA76: =if(BB76>0,row(),0) -> 76 | BB76: =max(if(E76=AW$30,COLUMN(E76),0),if(F76=AW$30,COLUMN(F76),0),if(G76=AW$30,COLUMN(G76),0),if(H76=AW$30,COLUMN(H76),0),if(I76=AW$30,COLUMN(I76),0),if(J76=AW$30,COLUMN(J76),0),if(K76=AW$30,COLUMN(K76),0)) -> 11 | BC76: =IF(BD76="","",IF(AZ76="","",BD76)) | BD76: =IF(AL76=0,BD74,IF(AL77=0,BD74,((AW77+(((-AZ76)*$BD$7)/AL77)+sum($BE$38:BE74))/AK76))) -> 0 | BE76: =IF(AL76=0,BE74,IF(AL77=0,BE74,AW77+(((-AZ76)*$BD$7)/AL77))) -> 0 | BJ76: =text(B76,"YYYY MMM") | BL76: =if($G$13="Disable","", if($G$9="","",if(and($G$9="Male",count($N76:$O76)<>2),"", if(and($G$9="Male",count($N76:$O76)=2),round(if($N76="","", if($G$14="cm",86.01*log($N76-$O76)-70.041*log($G$15)+30.3, if($G$14="inch",86.01*log(($N76-$O76)*2.54)-70.041*log($G$15*2.54)+30.3))),0), if(and($G$9="Female",count($N76:$P76)<>3),"", if(and($G$9="Female",count($N76:$P76)=3),round(if($N76="","", if($G$14="cm",495/(1.29579-0.35004*log10($N76+$P76-$O76)+0.221 * log10($G$15))-450, if($G$14="inch",495/(1.29579-0.35004*log10(($N76+$P76-$O76)*2.54)+0.221 * log10($G$15*2.54))-450))),0))))))) | BO76: =IFERROR(__xludf.DUMMYFUNCTION("""COMPUTED_VALUE"""),"") | BP76: =if(BO76<>"",BO76,BP75) | BQ76: =IFERROR(__xludf.DUMMYFUNCTION("""COMPUTED_VALUE"""),"") | BS76: =if($G$13="Enable",if(BQ76<>"",BQ76,BR76),if(BR76<>"",BR76,BQ76)) | BT76: =if($BP76<>"",if(BS76<>"",BS76,BT75),"") | BU76: =if(BS76="",BU75,BT75) | BV76: =if($BP76<>"", if($G$9="Male", if(and($G$5="lb",$BT76<20),1, if(and($G$5="lb",$BT76>=20,$BT76<=25),0.8, if(and($G$5="lb",$BT76>25),0.73, if(and($G$5="kg",$BT76<20),2.2, if(and($G$5="kg",$BT76>=20,$BT76<=25),1.76, if(and($G$5="kg",$BT76>25),1.606)))))), if($G$9="Female", if(and($G$5="lb",$BT76<=25),1, if(and($G$5="lb",$BT76>25),0.8, if(and($G$5="kg",$BT76<=25),2.2, if(and($G$5="kg",$BT76>25),1.76,"")))),""))) -> FALSE | BW76: =if($BP76<>"",if(abs(($BP76*$BV76)-$BW75)>=5,$BP76*$BV76,$BW75),"") | BX76: =if($BP76<>"", if($G$9="Male", if(and($G$5="lb",$BT76<20),0.8, if(and($G$5="lb",$BT76>=20),0.73, if(and($G$5="kg",$BT76<20),1.76, if(and($G$5="kg",$BT76>=20),1.606)))), if($G$9="Female", if($G$5="lb",0.8,1.76),""))) -> FALSE | BY76: =if($BP76<>"", if($G$9="Male", if(and($G$5="lb",$BT76<20),1.2, if(and($G$5="lb",$BT76>=20),1, if(and($G$5="kg",$BT76<20),2.64, if(and($G$5="kg",$BT76>=20),2.2)))), if($G$9="Female", if($G$5="lb",1.4,3.08),""))) -> FALSE | BZ76: =if(BW76<>BW75,BP76*BX76,BZ75) -> 0 | CA76: =if(BW76<>BW75,BP76*BY76,CA75) -> 0
D77: =D75 -> Calories | L77: =if(counta(E77:K77)=0,"",AVERAGE(E77:K77)) | AC77: =AB77 | AD77: =AC77+1 -> 1 | AE77: =AD77+1 -> 2 | AF77: =AE77+1 -> 3 | AG77: =AF77+1 -> 4 | AH77: =AG77+1 -> 5 | AI77: =AH77+1 -> 6 | AJ77: =AJ76+0.5 -> 21.5 | AL77: =COUNT(AP77:AV77) -> 0 | AM77: =AM76 | AP77: =IF(COUNT($E77:$K77)<1,"",IF(E77="",AQ71,E77)) | AQ77: =IF(F77="",AP77,F77) | AR77: =IF(G77="",AQ77,G77) | AS77: =IF(H77="",AR77,H77) | AT77: =IF(I77="",AS77,I77) | AU77: =IF(J77="",AT77,J77) | AV77: =IF(K77="",AU77,K77) | AW77: =IF(AL77=0,AW75,average(AP77:AV77)) | BO77: =IFERROR(__xludf.DUMMYFUNCTION("""COMPUTED_VALUE"""),"") | BP77: =if(BO77<>"",BO77,BP76) | BQ77: =IFERROR(__xludf.DUMMYFUNCTION("""COMPUTED_VALUE"""),"") | BS77: =if($G$13="Enable",if(BQ77<>"",BQ77,BR77),if(BR77<>"",BR77,BQ77)) | BT77: =if($BP77<>"",if(BS77<>"",BS77,BT76),"") | BU77: =if(BS77="",BU76,BT76) | BV77: =if($BP77<>"", if($G$9="Male", if(and($G$5="lb",$BT77<20),1, if(and($G$5="lb",$BT77>=20,$BT77<=25),0.8, if(and($G$5="lb",$BT77>25),0.73, if(and($G$5="kg",$BT77<20),2.2, if(and($G$5="kg",$BT77>=20,$BT77<=25),1.76, if(and($G$5="kg",$BT77>25),1.606)))))), if($G$9="Female", if(and($G$5="lb",$BT77<=25),1, if(and($G$5="lb",$BT77>25),0.8, if(and($G$5="kg",$BT77<=25),2.2, if(and($G$5="kg",$BT77>25),1.76,"")))),""))) -> FALSE | BW77: =if($BP77<>"",if(abs(($BP77*$BV77)-$BW76)>=5,$BP77*$BV77,$BW76),"") | BX77: =if($BP77<>"", if($G$9="Male", if(and($G$5="lb",$BT77<20),0.8, if(and($G$5="lb",$BT77>=20),0.73, if(and($G$5="kg",$BT77<20),1.76, if(and($G$5="kg",$BT77>=20),1.606)))), if($G$9="Female", if($G$5="lb",0.8,1.76),""))) -> FALSE | BY77: =if($BP77<>"", if($G$9="Male", if(and($G$5="lb",$BT77<20),1.2, if(and($G$5="lb",$BT77>=20),1, if(and($G$5="kg",$BT77<20),2.64, if(and($G$5="kg",$BT77>=20),2.2)))), if($G$9="Female", if($G$5="lb",1.4,3.08),""))) -> FALSE | BZ77: =if(BW77<>BW76,BP77*BX77,BZ76) -> 0 | CA77: =if(BW77<>BW76,BP77*BY77,CA76) -> 0
B78: =IF(B76="","",B76+7) | D78: =D76 -> Weight | L78: =if(counta(E78:K78)=0,"",AVERAGE(E78:K78)) | Q78: =BL78 | S78: =IFERROR(__xludf.DUMMYFUNCTION("IF(L78="""","""",(L78-index(filter($L$36:L76,$L$36:L76<>"""",ISEVEN(row($L$36:L76))),count(filter($L$36:L76,$L$36:L76<>"""",iseven(row($L$36:L76)))),1)))"),"") | U78: =if(BD$24=FALSE,"",IF(L78="","",BC78)) | W78: =IF(count(S78:S79)>1,1,0) -> 0 | X78: =if(Y78="","","Week 22") | Y78: =IF(S78="","",text(B78,"MMM-YY")) | AC78: =AB78 | AD78: =AC78+1 -> 1 | AE78: =AD78+1 -> 2 | AF78: =AE78+1 -> 3 | AG78: =AF78+1 -> 4 | AH78: =AG78+1 -> 5 | AI78: =AH78+1 -> 6 | AJ78: =AJ76+1 -> 22 | AK78: 21 | AL78: =COUNT(AP78:AV78) -> 0 | AM78: =IF(K78="",AM76,K78) | AP78: =IF(COUNT($E78:$K78)<1,"",IF(E78="",AQ72,E78)) | AQ78: =IF(F78="",AP78,F78) | AR78: =IF(G78="",AQ78,G78) | AS78: =IF(H78="",AR78,H78) | AT78: =IF(I78="",AS78,I78) | AU78: =IF(J78="",AT78,J78) | AV78: =IF(K78="",AU78,K78) | AW78: =IF(AL78=0,AW76,average(AP78:AV78)) | AX78: =if(AND(AW78=AX$34,$AL78>0),ROW(),0) -> 0 | AY78: =if(AND(AW78=AY$34,$AL78>0),ROW(),0) -> 0 | AZ78: =IF(AW78="","",AW78-AW76) | BA78: =if(BB78>0,row(),0) -> 78 | BB78: =max(if(E78=AW$30,COLUMN(E78),0),if(F78=AW$30,COLUMN(F78),0),if(G78=AW$30,COLUMN(G78),0),if(H78=AW$30,COLUMN(H78),0),if(I78=AW$30,COLUMN(I78),0),if(J78=AW$30,COLUMN(J78),0),if(K78=AW$30,COLUMN(K78),0)) -> 11 | BC78: =IF(BD78="","",IF(AZ78="","",BD78)) | BD78: =IF(AL78=0,BD76,IF(AL79=0,BD76,((AW79+(((-AZ78)*$BD$7)/AL79)+sum($BE$38:BE76))/AK78))) -> 0 | BE78: =IF(AL78=0,BE76,IF(AL79=0,BE76,AW79+(((-AZ78)*$BD$7)/AL79))) -> 0 | BJ78: =text(B78,"YYYY MMM") | BL78: =if($G$13="Disable","", if($G$9="","",if(and($G$9="Male",count($N78:$O78)<>2),"", if(and($G$9="Male",count($N78:$O78)=2),round(if($N78="","", if($G$14="cm",86.01*log($N78-$O78)-70.041*log($G$15)+30.3, if($G$14="inch",86.01*log(($N78-$O78)*2.54)-70.041*log($G$15*2.54)+30.3))),0), if(and($G$9="Female",count($N78:$P78)<>3),"", if(and($G$9="Female",count($N78:$P78)=3),round(if($N78="","", if($G$14="cm",495/(1.29579-0.35004*log10($N78+$P78-$O78)+0.221 * log10($G$15))-450, if($G$14="inch",495/(1.29579-0.35004*log10(($N78+$P78-$O78)*2.54)+0.221 * log10($G$15*2.54))-450))),0))))))) | BO78: =IFERROR(__xludf.DUMMYFUNCTION("""COMPUTED_VALUE"""),"") | BP78: =if(BO78<>"",BO78,BP77) | BQ78: =IFERROR(__xludf.DUMMYFUNCTION("""COMPUTED_VALUE"""),"") | BS78: =if($G$13="Enable",if(BQ78<>"",BQ78,BR78),if(BR78<>"",BR78,BQ78)) | BT78: =if($BP78<>"",if(BS78<>"",BS78,BT77),"") | BU78: =if(BS78="",BU77,BT77) | BV78: =if($BP78<>"", if($G$9="Male", if(and($G$5="lb",$BT78<20),1, if(and($G$5="lb",$BT78>=20,$BT78<=25),0.8, if(and($G$5="lb",$BT78>25),0.73, if(and($G$5="kg",$BT78<20),2.2, if(and($G$5="kg",$BT78>=20,$BT78<=25),1.76, if(and($G$5="kg",$BT78>25),1.606)))))), if($G$9="Female", if(and($G$5="lb",$BT78<=25),1, if(and($G$5="lb",$BT78>25),0.8, if(and($G$5="kg",$BT78<=25),2.2, if(and($G$5="kg",$BT78>25),1.76,"")))),""))) -> FALSE | BW78: =if($BP78<>"",if(abs(($BP78*$BV78)-$BW77)>=5,$BP78*$BV78,$BW77),"") | BX78: =if($BP78<>"", if($G$9="Male", if(and($G$5="lb",$BT78<20),0.8, if(and($G$5="lb",$BT78>=20),0.73, if(and($G$5="kg",$BT78<20),1.76, if(and($G$5="kg",$BT78>=20),1.606)))), if($G$9="Female", if($G$5="lb",0.8,1.76),""))) -> FALSE | BY78: =if($BP78<>"", if($G$9="Male", if(and($G$5="lb",$BT78<20),1.2, if(and($G$5="lb",$BT78>=20),1, if(and($G$5="kg",$BT78<20),2.64, if(and($G$5="kg",$BT78>=20),2.2)))), if($G$9="Female", if($G$5="lb",1.4,3.08),""))) -> FALSE | BZ78: =if(BW78<>BW77,BP78*BX78,BZ77) -> 0 | CA78: =if(BW78<>BW77,BP78*BY78,CA77) -> 0
D79: =D77 -> Calories | L79: =if(counta(E79:K79)=0,"",AVERAGE(E79:K79)) | AC79: =AB79 | AD79: =AC79+1 -> 1 | AE79: =AD79+1 -> 2 | AF79: =AE79+1 -> 3 | AG79: =AF79+1 -> 4 | AH79: =AG79+1 -> 5 | AI79: =AH79+1 -> 6 | AJ79: =AJ78+0.5 -> 22.5 | AL79: =COUNT(AP79:AV79) -> 0 | AM79: =AM78 | AP79: =IF(COUNT($E79:$K79)<1,"",IF(E79="",AQ73,E79)) | AQ79: =IF(F79="",AP79,F79) | AR79: =IF(G79="",AQ79,G79) | AS79: =IF(H79="",AR79,H79) | AT79: =IF(I79="",AS79,I79) | AU79: =IF(J79="",AT79,J79) | AV79: =IF(K79="",AU79,K79) | AW79: =IF(AL79=0,AW77,average(AP79:AV79)) | BO79: =IFERROR(__xludf.DUMMYFUNCTION("""COMPUTED_VALUE"""),"") | BP79: =if(BO79<>"",BO79,BP78) | BQ79: =IFERROR(__xludf.DUMMYFUNCTION("""COMPUTED_VALUE"""),"") | BS79: =if($G$13="Enable",if(BQ79<>"",BQ79,BR79),if(BR79<>"",BR79,BQ79)) | BT79: =if($BP79<>"",if(BS79<>"",BS79,BT78),"") | BU79: =if(BS79="",BU78,BT78) | BV79: =if($BP79<>"", if($G$9="Male", if(and($G$5="lb",$BT79<20),1, if(and($G$5="lb",$BT79>=20,$BT79<=25),0.8, if(and($G$5="lb",$BT79>25),0.73, if(and($G$5="kg",$BT79<20),2.2, if(and($G$5="kg",$BT79>=20,$BT79<=25),1.76, if(and($G$5="kg",$BT79>25),1.606)))))), if($G$9="Female", if(and($G$5="lb",$BT79<=25),1, if(and($G$5="lb",$BT79>25),0.8, if(and($G$5="kg",$BT79<=25),2.2, if(and($G$5="kg",$BT79>25),1.76,"")))),""))) -> FALSE | BW79: =if($BP79<>"",if(abs(($BP79*$BV79)-$BW78)>=5,$BP79*$BV79,$BW78),"") | BX79: =if($BP79<>"", if($G$9="Male", if(and($G$5="lb",$BT79<20),0.8, if(and($G$5="lb",$BT79>=20),0.73, if(and($G$5="kg",$BT79<20),1.76, if(and($G$5="kg",$BT79>=20),1.606)))), if($G$9="Female", if($G$5="lb",0.8,1.76),""))) -> FALSE | BY79: =if($BP79<>"", if($G$9="Male", if(and($G$5="lb",$BT79<20),1.2, if(and($G$5="lb",$BT79>=20),1, if(and($G$5="kg",$BT79<20),2.64, if(and($G$5="kg",$BT79>=20),2.2)))), if($G$9="Female", if($G$5="lb",1.4,3.08),""))) -> FALSE | BZ79: =if(BW79<>BW78,BP79*BX79,BZ78) -> 0 | CA79: =if(BW79<>BW78,BP79*BY79,CA78) -> 0
B80: =IF(B78="","",B78+7) | D80: =D78 -> Weight | L80: =if(counta(E80:K80)=0,"",AVERAGE(E80:K80)) | Q80: =BL80 | S80: =IFERROR(__xludf.DUMMYFUNCTION("IF(L80="""","""",(L80-index(filter($L$36:L78,$L$36:L78<>"""",ISEVEN(row($L$36:L78))),count(filter($L$36:L78,$L$36:L78<>"""",iseven(row($L$36:L78)))),1)))"),"") | U80: =if(BD$24=FALSE,"",IF(L80="","",BC80)) | W80: =IF(count(S80:S81)>1,1,0) -> 0 | X80: =if(Y80="","","Week 23") | Y80: =IF(S80="","",text(B80,"MMM-YY")) | AC80: =AB80 | AD80: =AC80+1 -> 1 | AE80: =AD80+1 -> 2 | AF80: =AE80+1 -> 3 | AG80: =AF80+1 -> 4 | AH80: =AG80+1 -> 5 | AI80: =AH80+1 -> 6 | AJ80: =AJ78+1 -> 23 | AK80: 22 | AL80: =COUNT(AP80:AV80) -> 0 | AM80: =IF(K80="",AM78,K80) | AP80: =IF(COUNT($E80:$K80)<1,"",IF(E80="",AQ74,E80)) | AQ80: =IF(F80="",AP80,F80) | AR80: =IF(G80="",AQ80,G80) | AS80: =IF(H80="",AR80,H80) | AT80: =IF(I80="",AS80,I80) | AU80: =IF(J80="",AT80,J80) | AV80: =IF(K80="",AU80,K80) | AW80: =IF(AL80=0,AW78,average(AP80:AV80)) | AX80: =if(AND(AW80=AX$34,$AL80>0),ROW(),0) -> 0 | AY80: =if(AND(AW80=AY$34,$AL80>0),ROW(),0) -> 0 | AZ80: =IF(AW80="","",AW80-AW78) | BA80: =if(BB80>0,row(),0) -> 80 | BB80: =max(if(E80=AW$30,COLUMN(E80),0),if(F80=AW$30,COLUMN(F80),0),if(G80=AW$30,COLUMN(G80),0),if(H80=AW$30,COLUMN(H80),0),if(I80=AW$30,COLUMN(I80),0),if(J80=AW$30,COLUMN(J80),0),if(K80=AW$30,COLUMN(K80),0)) -> 11 | BC80: =IF(BD80="","",IF(AZ80="","",BD80)) | BD80: =IF(AL80=0,BD78,IF(AL81=0,BD78,((AW81+(((-AZ80)*$BD$7)/AL81)+sum($BE$38:BE78))/AK80))) -> 0 | BE80: =IF(AL80=0,BE78,IF(AL81=0,BE78,AW81+(((-AZ80)*$BD$7)/AL81))) -> 0 | BJ80: =text(B80,"YYYY MMM") | BL80: =if($G$13="Disable","", if($G$9="","",if(and($G$9="Male",count($N80:$O80)<>2),"", if(and($G$9="Male",count($N80:$O80)=2),round(if($N80="","", if($G$14="cm",86.01*log($N80-$O80)-70.041*log($G$15)+30.3, if($G$14="inch",86.01*log(($N80-$O80)*2.54)-70.041*log($G$15*2.54)+30.3))),0), if(and($G$9="Female",count($N80:$P80)<>3),"", if(and($G$9="Female",count($N80:$P80)=3),round(if($N80="","", if($G$14="cm",495/(1.29579-0.35004*log10($N80+$P80-$O80)+0.221 * log10($G$15))-450, if($G$14="inch",495/(1.29579-0.35004*log10(($N80+$P80-$O80)*2.54)+0.221 * log10($G$15*2.54))-450))),0))))))) | BO80: =IFERROR(__xludf.DUMMYFUNCTION("""COMPUTED_VALUE"""),"") | BP80: =if(BO80<>"",BO80,BP79) | BQ80: =IFERROR(__xludf.DUMMYFUNCTION("""COMPUTED_VALUE"""),"") | BS80: =if($G$13="Enable",if(BQ80<>"",BQ80,BR80),if(BR80<>"",BR80,BQ80)) | BT80: =if($BP80<>"",if(BS80<>"",BS80,BT79),"") | BU80: =if(BS80="",BU79,BT79) | BV80: =if($BP80<>"", if($G$9="Male", if(and($G$5="lb",$BT80<20),1, if(and($G$5="lb",$BT80>=20,$BT80<=25),0.8, if(and($G$5="lb",$BT80>25),0.73, if(and($G$5="kg",$BT80<20),2.2, if(and($G$5="kg",$BT80>=20,$BT80<=25),1.76, if(and($G$5="kg",$BT80>25),1.606)))))), if($G$9="Female", if(and($G$5="lb",$BT80<=25),1, if(and($G$5="lb",$BT80>25),0.8, if(and($G$5="kg",$BT80<=25),2.2, if(and($G$5="kg",$BT80>25),1.76,"")))),""))) -> FALSE | BW80: =if($BP80<>"",if(abs(($BP80*$BV80)-$BW79)>=5,$BP80*$BV80,$BW79),"") | BX80: =if($BP80<>"", if($G$9="Male", if(and($G$5="lb",$BT80<20),0.8, if(and($G$5="lb",$BT80>=20),0.73, if(and($G$5="kg",$BT80<20),1.76, if(and($G$5="kg",$BT80>=20),1.606)))), if($G$9="Female", if($G$5="lb",0.8,1.76),""))) -> FALSE | BY80: =if($BP80<>"", if($G$9="Male", if(and($G$5="lb",$BT80<20),1.2, if(and($G$5="lb",$BT80>=20),1, if(and($G$5="kg",$BT80<20),2.64, if(and($G$5="kg",$BT80>=20),2.2)))), if($G$9="Female", if($G$5="lb",1.4,3.08),""))) -> FALSE | BZ80: =if(BW80<>BW79,BP80*BX80,BZ79) -> 0 | CA80: =if(BW80<>BW79,BP80*BY80,CA79) -> 0
D81: =D79 -> Calories | L81: =if(counta(E81:K81)=0,"",AVERAGE(E81:K81)) | AB81: =B126 | AC81: =AB81 | AD81: =AC81+1 -> 1 | AE81: =AD81+1 -> 2 | AF81: =AE81+1 -> 3 | AG81: =AF81+1 -> 4 | AH81: =AG81+1 -> 5 | AI81: =AH81+1 -> 6 | AJ81: =AJ80+0.5 -> 23.5 | AL81: =COUNT(AP81:AV81) -> 0 | AM81: =AM80 | AP81: =IF(COUNT($E81:$K81)<1,"",IF(E81="",AQ75,E81)) | AQ81: =IF(F81="",AP81,F81) | AR81: =IF(G81="",AQ81,G81) | AS81: =IF(H81="",AR81,H81) | AT81: =IF(I81="",AS81,I81) | AU81: =IF(J81="",AT81,J81) | AV81: =IF(K81="",AU81,K81) | AW81: =IF(AL81=0,AW79,average(AP81:AV81)) | BO81: =IFERROR(__xludf.DUMMYFUNCTION("""COMPUTED_VALUE"""),"") | BP81: =if(BO81<>"",BO81,BP80) | BQ81: =IFERROR(__xludf.DUMMYFUNCTION("""COMPUTED_VALUE"""),"") | BS81: =if($G$13="Enable",if(BQ81<>"",BQ81,BR81),if(BR81<>"",BR81,BQ81)) | BT81: =if($BP81<>"",if(BS81<>"",BS81,BT80),"") | BU81: =if(BS81="",BU80,BT80) | BV81: =if($BP81<>"", if($G$9="Male", if(and($G$5="lb",$BT81<20),1, if(and($G$5="lb",$BT81>=20,$BT81<=25),0.8, if(and($G$5="lb",$BT81>25),0.73, if(and($G$5="kg",$BT81<20),2.2, if(and($G$5="kg",$BT81>=20,$BT81<=25),1.76, if(and($G$5="kg",$BT81>25),1.606)))))), if($G$9="Female", if(and($G$5="lb",$BT81<=25),1, if(and($G$5="lb",$BT81>25),0.8, if(and($G$5="kg",$BT81<=25),2.2, if(and($G$5="kg",$BT81>25),1.76,"")))),""))) -> FALSE | BW81: =if($BP81<>"",if(abs(($BP81*$BV81)-$BW80)>=5,$BP81*$BV81,$BW80),"") | BX81: =if($BP81<>"", if($G$9="Male", if(and($G$5="lb",$BT81<20),0.8, if(and($G$5="lb",$BT81>=20),0.73, if(and($G$5="kg",$BT81<20),1.76, if(and($G$5="kg",$BT81>=20),1.606)))), if($G$9="Female", if($G$5="lb",0.8,1.76),""))) -> FALSE | BY81: =if($BP81<>"", if($G$9="Male", if(and($G$5="lb",$BT81<20),1.2, if(and($G$5="lb",$BT81>=20),1, if(and($G$5="kg",$BT81<20),2.64, if(and($G$5="kg",$BT81>=20),2.2)))), if($G$9="Female", if($G$5="lb",1.4,3.08),""))) -> FALSE | BZ81: =if(BW81<>BW80,BP81*BX81,BZ80) -> 0 | CA81: =if(BW81<>BW80,BP81*BY81,CA80) -> 0
B82: =IF(B80="","",B80+7) | D82: =D80 -> Weight | L82: =if(counta(E82:K82)=0,"",AVERAGE(E82:K82)) | Q82: =BL82 | S82: =IFERROR(__xludf.DUMMYFUNCTION("IF(L82="""","""",(L82-index(filter($L$36:L80,$L$36:L80<>"""",ISEVEN(row($L$36:L80))),count(filter($L$36:L80,$L$36:L80<>"""",iseven(row($L$36:L80)))),1)))"),"") | U82: =if(BD$24=FALSE,"",IF(L82="","",BC82)) | W82: =IF(count(S82:S83)>1,1,0) -> 0 | X82: =if(Y82="","","Week 24") | Y82: =IF(S82="","",text(B82,"MMM-YY")) | AB82: =B128 | AC82: =AB82 | AD82: =AC82+1 -> 1 | AE82: =AD82+1 -> 2 | AF82: =AE82+1 -> 3 | AG82: =AF82+1 -> 4 | AH82: =AG82+1 -> 5 | AI82: =AH82+1 -> 6 | AJ82: =AJ80+1 -> 24 | AK82: 23 | AL82: =COUNT(AP82:AV82) -> 0 | AM82: =IF(K82="",AM80,K82) | AP82: =IF(COUNT($E82:$K82)<1,"",IF(E82="",AQ76,E82)) | AQ82: =IF(F82="",AP82,F82) | AR82: =IF(G82="",AQ82,G82) | AS82: =IF(H82="",AR82,H82) | AT82: =IF(I82="",AS82,I82) | AU82: =IF(J82="",AT82,J82) | AV82: =IF(K82="",AU82,K82) | AW82: =IF(AL82=0,AW80,average(AP82:AV82)) | AX82: =if(AND(AW82=AX$34,$AL82>0),ROW(),0) -> 0 | AY82: =if(AND(AW82=AY$34,$AL82>0),ROW(),0) -> 0 | AZ82: =IF(AW82="","",AW82-AW80) | BA82: =if(BB82>0,row(),0) -> 82 | BB82: =max(if(E82=AW$30,COLUMN(E82),0),if(F82=AW$30,COLUMN(F82),0),if(G82=AW$30,COLUMN(G82),0),if(H82=AW$30,COLUMN(H82),0),if(I82=AW$30,COLUMN(I82),0),if(J82=AW$30,COLUMN(J82),0),if(K82=AW$30,COLUMN(K82),0)) -> 11 | BC82: =IF(BD82="","",IF(AZ82="","",BD82)) | BD82: =IF(AL82=0,BD80,IF(AL83=0,BD80,((AW83+(((-AZ82)*$BD$7)/AL83)+sum($BE$38:BE80))/AK82))) -> 0 | BE82: =IF(AL82=0,BE80,IF(AL83=0,BE80,AW83+(((-AZ82)*$BD$7)/AL83))) -> 0 | BJ82: =text(B82,"YYYY MMM") | BL82: =if($G$13="Disable","", if($G$9="","",if(and($G$9="Male",count($N82:$O82)<>2),"", if(and($G$9="Male",count($N82:$O82)=2),round(if($N82="","", if($G$14="cm",86.01*log($N82-$O82)-70.041*log($G$15)+30.3, if($G$14="inch",86.01*log(($N82-$O82)*2.54)-70.041*log($G$15*2.54)+30.3))),0), if(and($G$9="Female",count($N82:$P82)<>3),"", if(and($G$9="Female",count($N82:$P82)=3),round(if($N82="","", if($G$14="cm",495/(1.29579-0.35004*log10($N82+$P82-$O82)+0.221 * log10($G$15))-450, if($G$14="inch",495/(1.29579-0.35004*log10(($N82+$P82-$O82)*2.54)+0.221 * log10($G$15*2.54))-450))),0))))))) | BO82: =IFERROR(__xludf.DUMMYFUNCTION("""COMPUTED_VALUE"""),"") | BP82: =if(BO82<>"",BO82,BP81) | BQ82: =IFERROR(__xludf.DUMMYFUNCTION("""COMPUTED_VALUE"""),"") | BS82: =if($G$13="Enable",if(BQ82<>"",BQ82,BR82),if(BR82<>"",BR82,BQ82)) | BT82: =if($BP82<>"",if(BS82<>"",BS82,BT81),"") | BU82: =if(BS82="",BU81,BT81) | BV82: =if($BP82<>"", if($G$9="Male", if(and($G$5="lb",$BT82<20),1, if(and($G$5="lb",$BT82>=20,$BT82<=25),0.8, if(and($G$5="lb",$BT82>25),0.73, if(and($G$5="kg",$BT82<20),2.2, if(and($G$5="kg",$BT82>=20,$BT82<=25),1.76, if(and($G$5="kg",$BT82>25),1.606)))))), if($G$9="Female", if(and($G$5="lb",$BT82<=25),1, if(and($G$5="lb",$BT82>25),0.8, if(and($G$5="kg",$BT82<=25),2.2, if(and($G$5="kg",$BT82>25),1.76,"")))),""))) -> FALSE | BW82: =if($BP82<>"",if(abs(($BP82*$BV82)-$BW81)>=5,$BP82*$BV82,$BW81),"") | BX82: =if($BP82<>"", if($G$9="Male", if(and($G$5="lb",$BT82<20),0.8, if(and($G$5="lb",$BT82>=20),0.73, if(and($G$5="kg",$BT82<20),1.76, if(and($G$5="kg",$BT82>=20),1.606)))), if($G$9="Female", if($G$5="lb",0.8,1.76),""))) -> FALSE | BY82: =if($BP82<>"", if($G$9="Male", if(and($G$5="lb",$BT82<20),1.2, if(and($G$5="lb",$BT82>=20),1, if(and($G$5="kg",$BT82<20),2.64, if(and($G$5="kg",$BT82>=20),2.2)))), if($G$9="Female", if($G$5="lb",1.4,3.08),""))) -> FALSE | BZ82: =if(BW82<>BW81,BP82*BX82,BZ81) -> 0 | CA82: =if(BW82<>BW81,BP82*BY82,CA81) -> 0
D83: =D81 -> Calories | L83: =if(counta(E83:K83)=0,"",AVERAGE(E83:K83)) | AB83: =B130 | AC83: =AB83 | AD83: =AC83+1 -> 1 | AE83: =AD83+1 -> 2 | AF83: =AE83+1 -> 3 | AG83: =AF83+1 -> 4 | AH83: =AG83+1 -> 5 | AI83: =AH83+1 -> 6 | AJ83: =AJ82+0.5 -> 24.5 | AL83: =COUNT(AP83:AV83) -> 0 | AM83: =AM82 | AP83: =IF(COUNT($E83:$K83)<1,"",IF(E83="",AQ77,E83)) | AQ83: =IF(F83="",AP83,F83) | AR83: =IF(G83="",AQ83,G83) | AS83: =IF(H83="",AR83,H83) | AT83: =IF(I83="",AS83,I83) | AU83: =IF(J83="",AT83,J83) | AV83: =IF(K83="",AU83,K83) | AW83: =IF(AL83=0,AW81,average(AP83:AV83)) | BO83: =IFERROR(__xludf.DUMMYFUNCTION("""COMPUTED_VALUE"""),"") | BP83: =if(BO83<>"",BO83,BP82) | BQ83: =IFERROR(__xludf.DUMMYFUNCTION("""COMPUTED_VALUE"""),"") | BS83: =if($G$13="Enable",if(BQ83<>"",BQ83,BR83),if(BR83<>"",BR83,BQ83)) | BT83: =if($BP83<>"",if(BS83<>"",BS83,BT82),"") | BU83: =if(BS83="",BU82,BT82) | BV83: =if($BP83<>"", if($G$9="Male", if(and($G$5="lb",$BT83<20),1, if(and($G$5="lb",$BT83>=20,$BT83<=25),0.8, if(and($G$5="lb",$BT83>25),0.73, if(and($G$5="kg",$BT83<20),2.2, if(and($G$5="kg",$BT83>=20,$BT83<=25),1.76, if(and($G$5="kg",$BT83>25),1.606)))))), if($G$9="Female", if(and($G$5="lb",$BT83<=25),1, if(and($G$5="lb",$BT83>25),0.8, if(and($G$5="kg",$BT83<=25),2.2, if(and($G$5="kg",$BT83>25),1.76,"")))),""))) -> FALSE | BW83: =if($BP83<>"",if(abs(($BP83*$BV83)-$BW82)>=5,$BP83*$BV83,$BW82),"") | BX83: =if($BP83<>"", if($G$9="Male", if(and($G$5="lb",$BT83<20),0.8, if(and($G$5="lb",$BT83>=20),0.73, if(and($G$5="kg",$BT83<20),1.76, if(and($G$5="kg",$BT83>=20),1.606)))), if($G$9="Female", if($G$5="lb",0.8,1.76),""))) -> FALSE | BY83: =if($BP83<>"", if($G$9="Male", if(and($G$5="lb",$BT83<20),1.2, if(and($G$5="lb",$BT83>=20),1, if(and($G$5="kg",$BT83<20),2.64, if(and($G$5="kg",$BT83>=20),2.2)))), if($G$9="Female", if($G$5="lb",1.4,3.08),""))) -> FALSE | BZ83: =if(BW83<>BW82,BP83*BX83,BZ82) -> 0 | CA83: =if(BW83<>BW82,BP83*BY83,CA82) -> 0
B84: =IF(B82="","",B82+7) | D84: =D82 -> Weight | L84: =if(counta(E84:K84)=0,"",AVERAGE(E84:K84)) | Q84: =BL84 | S84: =IFERROR(__xludf.DUMMYFUNCTION("IF(L84="""","""",(L84-index(filter($L$36:L82,$L$36:L82<>"""",ISEVEN(row($L$36:L82))),count(filter($L$36:L82,$L$36:L82<>"""",iseven(row($L$36:L82)))),1)))"),"") | U84: =if(BD$24=FALSE,"",IF(L84="","",BC84)) | W84: =IF(count(S84:S85)>1,1,0) -> 0 | X84: =if(Y84="","","Week 25") | Y84: =IF(S84="","",text(B84,"MMM-YY")) | AB84: =B132 | AC84: =AB84 | AD84: =AC84+1 -> 1 | AE84: =AD84+1 -> 2 | AF84: =AE84+1 -> 3 | AG84: =AF84+1 -> 4 | AH84: =AG84+1 -> 5 | AI84: =AH84+1 -> 6 | AJ84: =AJ82+1 -> 25 | AK84: 24 | AL84: =COUNT(AP84:AV84) -> 0 | AM84: =IF(K84="",AM82,K84) | AP84: =IF(COUNT($E84:$K84)<1,"",IF(E84="",AQ78,E84)) | AQ84: =IF(F84="",AP84,F84) | AR84: =IF(G84="",AQ84,G84) | AS84: =IF(H84="",AR84,H84) | AT84: =IF(I84="",AS84,I84) | AU84: =IF(J84="",AT84,J84) | AV84: =IF(K84="",AU84,K84) | AW84: =IF(AL84=0,AW82,average(AP84:AV84)) | AX84: =if(AND(AW84=AX$34,$AL84>0),ROW(),0) -> 0 | AY84: =if(AND(AW84=AY$34,$AL84>0),ROW(),0) -> 0 | AZ84: =IF(AW84="","",AW84-AW82) | BA84: =if(BB84>0,row(),0) -> 84 | BB84: =max(if(E84=AW$30,COLUMN(E84),0),if(F84=AW$30,COLUMN(F84),0),if(G84=AW$30,COLUMN(G84),0),if(H84=AW$30,COLUMN(H84),0),if(I84=AW$30,COLUMN(I84),0),if(J84=AW$30,COLUMN(J84),0),if(K84=AW$30,COLUMN(K84),0)) -> 11 | BC84: =IF(BD84="","",IF(AZ84="","",BD84)) | BD84: =IF(AL84=0,BD82,IF(AL85=0,BD82,((AW85+(((-AZ84)*$BD$7)/AL85)+sum($BE$38:BE82))/AK84))) -> 0 | BE84: =IF(AL84=0,BE82,IF(AL85=0,BE82,AW85+(((-AZ84)*$BD$7)/AL85))) -> 0 | BJ84: =text(B84,"YYYY MMM") | BL84: =if($G$13="Disable","", if($G$9="","",if(and($G$9="Male",count($N84:$O84)<>2),"", if(and($G$9="Male",count($N84:$O84)=2),round(if($N84="","", if($G$14="cm",86.01*log($N84-$O84)-70.041*log($G$15)+30.3, if($G$14="inch",86.01*log(($N84-$O84)*2.54)-70.041*log($G$15*2.54)+30.3))),0), if(and($G$9="Female",count($N84:$P84)<>3),"", if(and($G$9="Female",count($N84:$P84)=3),round(if($N84="","", if($G$14="cm",495/(1.29579-0.35004*log10($N84+$P84-$O84)+0.221 * log10($G$15))-450, if($G$14="inch",495/(1.29579-0.35004*log10(($N84+$P84-$O84)*2.54)+0.221 * log10($G$15*2.54))-450))),0))))))) | BO84: =IFERROR(__xludf.DUMMYFUNCTION("""COMPUTED_VALUE"""),"") | BP84: =if(BO84<>"",BO84,BP83) | BQ84: =IFERROR(__xludf.DUMMYFUNCTION("""COMPUTED_VALUE"""),"") | BS84: =if($G$13="Enable",if(BQ84<>"",BQ84,BR84),if(BR84<>"",BR84,BQ84)) | BT84: =if($BP84<>"",if(BS84<>"",BS84,BT83),"") | BU84: =if(BS84="",BU83,BT83) | BV84: =if($BP84<>"", if($G$9="Male", if(and($G$5="lb",$BT84<20),1, if(and($G$5="lb",$BT84>=20,$BT84<=25),0.8, if(and($G$5="lb",$BT84>25),0.73, if(and($G$5="kg",$BT84<20),2.2, if(and($G$5="kg",$BT84>=20,$BT84<=25),1.76, if(and($G$5="kg",$BT84>25),1.606)))))), if($G$9="Female", if(and($G$5="lb",$BT84<=25),1, if(and($G$5="lb",$BT84>25),0.8, if(and($G$5="kg",$BT84<=25),2.2, if(and($G$5="kg",$BT84>25),1.76,"")))),""))) -> FALSE | BW84: =if($BP84<>"",if(abs(($BP84*$BV84)-$BW83)>=5,$BP84*$BV84,$BW83),"") | BX84: =if($BP84<>"", if($G$9="Male", if(and($G$5="lb",$BT84<20),0.8, if(and($G$5="lb",$BT84>=20),0.73, if(and($G$5="kg",$BT84<20),1.76, if(and($G$5="kg",$BT84>=20),1.606)))), if($G$9="Female", if($G$5="lb",0.8,1.76),""))) -> FALSE | BY84: =if($BP84<>"", if($G$9="Male", if(and($G$5="lb",$BT84<20),1.2, if(and($G$5="lb",$BT84>=20),1, if(and($G$5="kg",$BT84<20),2.64, if(and($G$5="kg",$BT84>=20),2.2)))), if($G$9="Female", if($G$5="lb",1.4,3.08),""))) -> FALSE | BZ84: =if(BW84<>BW83,BP84*BX84,BZ83) -> 0 | CA84: =if(BW84<>BW83,BP84*BY84,CA83) -> 0
D85: =D83 -> Calories | L85: =if(counta(E85:K85)=0,"",AVERAGE(E85:K85)) | AB85: =B134 | AC85: =AB85 | AD85: =AC85+1 -> 1 | AE85: =AD85+1 -> 2 | AF85: =AE85+1 -> 3 | AG85: =AF85+1 -> 4 | AH85: =AG85+1 -> 5 | AI85: =AH85+1 -> 6 | AJ85: =AJ84+0.5 -> 25.5 | AL85: =COUNT(AP85:AV85) -> 0 | AM85: =AM84 | AP85: =IF(COUNT($E85:$K85)<1,"",IF(E85="",AQ79,E85)) | AQ85: =IF(F85="",AP85,F85) | AR85: =IF(G85="",AQ85,G85) | AS85: =IF(H85="",AR85,H85) | AT85: =IF(I85="",AS85,I85) | AU85: =IF(J85="",AT85,J85) | AV85: =IF(K85="",AU85,K85) | AW85: =IF(AL85=0,AW83,average(AP85:AV85)) | BO85: =IFERROR(__xludf.DUMMYFUNCTION("""COMPUTED_VALUE"""),"") | BP85: =if(BO85<>"",BO85,BP84) | BQ85: =IFERROR(__xludf.DUMMYFUNCTION("""COMPUTED_VALUE"""),"") | BS85: =if($G$13="Enable",if(BQ85<>"",BQ85,BR85),if(BR85<>"",BR85,BQ85)) | BT85: =if($BP85<>"",if(BS85<>"",BS85,BT84),"") | BU85: =if(BS85="",BU84,BT84) | BV85: =if($BP85<>"", if($G$9="Male", if(and($G$5="lb",$BT85<20),1, if(and($G$5="lb",$BT85>=20,$BT85<=25),0.8, if(and($G$5="lb",$BT85>25),0.73, if(and($G$5="kg",$BT85<20),2.2, if(and($G$5="kg",$BT85>=20,$BT85<=25),1.76, if(and($G$5="kg",$BT85>25),1.606)))))), if($G$9="Female", if(and($G$5="lb",$BT85<=25),1, if(and($G$5="lb",$BT85>25),0.8, if(and($G$5="kg",$BT85<=25),2.2, if(and($G$5="kg",$BT85>25),1.76,"")))),""))) -> FALSE | BW85: =if($BP85<>"",if(abs(($BP85*$BV85)-$BW84)>=5,$BP85*$BV85,$BW84),"") | BX85: =if($BP85<>"", if($G$9="Male", if(and($G$5="lb",$BT85<20),0.8, if(and($G$5="lb",$BT85>=20),0.73, if(and($G$5="kg",$BT85<20),1.76, if(and($G$5="kg",$BT85>=20),1.606)))), if($G$9="Female", if($G$5="lb",0.8,1.76),""))) -> FALSE | BY85: =if($BP85<>"", if($G$9="Male", if(and($G$5="lb",$BT85<20),1.2, if(and($G$5="lb",$BT85>=20),1, if(and($G$5="kg",$BT85<20),2.64, if(and($G$5="kg",$BT85>=20),2.2)))), if($G$9="Female", if($G$5="lb",1.4,3.08),""))) -> FALSE | BZ85: =if(BW85<>BW84,BP85*BX85,BZ84) -> 0 | CA85: =if(BW85<>BW84,BP85*BY85,CA84) -> 0
B86: =IF(B84="","",B84+7) | D86: =D84 -> Weight | L86: =if(counta(E86:K86)=0,"",AVERAGE(E86:K86)) | Q86: =BL86 | S86: =IFERROR(__xludf.DUMMYFUNCTION("IF(L86="""","""",(L86-index(filter($L$36:L84,$L$36:L84<>"""",ISEVEN(row($L$36:L84))),count(filter($L$36:L84,$L$36:L84<>"""",iseven(row($L$36:L84)))),1)))"),"") | U86: =if(BD$24=FALSE,"",IF(L86="","",BC86)) | W86: =IF(count(S86:S87)>1,1,0) -> 0 | X86: =if(Y86="","","Week 26") | Y86: =IF(S86="","",text(B86,"MMM-YY")) | AB86: =B136 | AC86: =AB86 | AD86: =AC86+1 -> 1 | AE86: =AD86+1 -> 2 | AF86: =AE86+1 -> 3 | AG86: =AF86+1 -> 4 | AH86: =AG86+1 -> 5 | AI86: =AH86+1 -> 6 | AJ86: =AJ84+1 -> 26 | AK86: 25 | AL86: =COUNT(AP86:AV86) -> 0 | AM86: =IF(K86="",AM84,K86) | AP86: =IF(COUNT($E86:$K86)<1,"",IF(E86="",AQ80,E86)) | AQ86: =IF(F86="",AP86,F86) | AR86: =IF(G86="",AQ86,G86) | AS86: =IF(H86="",AR86,H86) | AT86: =IF(I86="",AS86,I86) | AU86: =IF(J86="",AT86,J86) | AV86: =IF(K86="",AU86,K86) | AW86: =IF(AL86=0,AW84,average(AP86:AV86)) | AX86: =if(AND(AW86=AX$34,$AL86>0),ROW(),0) -> 0 | AY86: =if(AND(AW86=AY$34,$AL86>0),ROW(),0) -> 0 | AZ86: =IF(AW86="","",AW86-AW84) | BA86: =if(BB86>0,row(),0) -> 86 | BB86: =max(if(E86=AW$30,COLUMN(E86),0),if(F86=AW$30,COLUMN(F86),0),if(G86=AW$30,COLUMN(G86),0),if(H86=AW$30,COLUMN(H86),0),if(I86=AW$30,COLUMN(I86),0),if(J86=AW$30,COLUMN(J86),0),if(K86=AW$30,COLUMN(K86),0)) -> 11 | BC86: =IF(BD86="","",IF(AZ86="","",BD86)) | BD86: =IF(AL86=0,BD84,IF(AL87=0,BD84,((AW87+(((-AZ86)*$BD$7)/AL87)+sum($BE$38:BE84))/AK86))) -> 0 | BE86: =IF(AL86=0,BE84,IF(AL87=0,BE84,AW87+(((-AZ86)*$BD$7)/AL87))) -> 0 | BJ86: =text(B86,"YYYY MMM") | BL86: =if($G$13="Disable","", if($G$9="","",if(and($G$9="Male",count($N86:$O86)<>2),"", if(and($G$9="Male",count($N86:$O86)=2),round(if($N86="","", if($G$14="cm",86.01*log($N86-$O86)-70.041*log($G$15)+30.3, if($G$14="inch",86.01*log(($N86-$O86)*2.54)-70.041*log($G$15*2.54)+30.3))),0), if(and($G$9="Female",count($N86:$P86)<>3),"", if(and($G$9="Female",count($N86:$P86)=3),round(if($N86="","", if($G$14="cm",495/(1.29579-0.35004*log10($N86+$P86-$O86)+0.221 * log10($G$15))-450, if($G$14="inch",495/(1.29579-0.35004*log10(($N86+$P86-$O86)*2.54)+0.221 * log10($G$15*2.54))-450))),0))))))) | BO86: =IFERROR(__xludf.DUMMYFUNCTION("""COMPUTED_VALUE"""),"") | BP86: =if(BO86<>"",BO86,BP85) | BQ86: =IFERROR(__xludf.DUMMYFUNCTION("""COMPUTED_VALUE"""),"") | BS86: =if($G$13="Enable",if(BQ86<>"",BQ86,BR86),if(BR86<>"",BR86,BQ86)) | BT86: =if($BP86<>"",if(BS86<>"",BS86,BT85),"") | BU86: =if(BS86="",BU85,BT85) | BV86: =if($BP86<>"", if($G$9="Male", if(and($G$5="lb",$BT86<20),1, if(and($G$5="lb",$BT86>=20,$BT86<=25),0.8, if(and($G$5="lb",$BT86>25),0.73, if(and($G$5="kg",$BT86<20),2.2, if(and($G$5="kg",$BT86>=20,$BT86<=25),1.76, if(and($G$5="kg",$BT86>25),1.606)))))), if($G$9="Female", if(and($G$5="lb",$BT86<=25),1, if(and($G$5="lb",$BT86>25),0.8, if(and($G$5="kg",$BT86<=25),2.2, if(and($G$5="kg",$BT86>25),1.76,"")))),""))) -> FALSE | BW86: =if($BP86<>"",if(abs(($BP86*$BV86)-$BW85)>=5,$BP86*$BV86,$BW85),"") | BX86: =if($BP86<>"", if($G$9="Male", if(and($G$5="lb",$BT86<20),0.8, if(and($G$5="lb",$BT86>=20),0.73, if(and($G$5="kg",$BT86<20),1.76, if(and($G$5="kg",$BT86>=20),1.606)))), if($G$9="Female", if($G$5="lb",0.8,1.76),""))) -> FALSE | BY86: =if($BP86<>"", if($G$9="Male", if(and($G$5="lb",$BT86<20),1.2, if(and($G$5="lb",$BT86>=20),1, if(and($G$5="kg",$BT86<20),2.64, if(and($G$5="kg",$BT86>=20),2.2)))), if($G$9="Female", if($G$5="lb",1.4,3.08),""))) -> FALSE | BZ86: =if(BW86<>BW85,BP86*BX86,BZ85) -> 0 | CA86: =if(BW86<>BW85,BP86*BY86,CA85) -> 0
D87: =D85 -> Calories | L87: =if(counta(E87:K87)=0,"",AVERAGE(E87:K87)) | AB87: =B138 | AC87: =AB87 | AD87: =AC87+1 -> 1 | AE87: =AD87+1 -> 2 | AF87: =AE87+1 -> 3 | AG87: =AF87+1 -> 4 | AH87: =AG87+1 -> 5 | AI87: =AH87+1 -> 6 | AJ87: =AJ86+0.5 -> 26.5 | AL87: =COUNT(AP87:AV87) -> 0 | AM87: =AM86 | AP87: =IF(COUNT($E87:$K87)<1,"",IF(E87="",AQ81,E87)) | AQ87: =IF(F87="",AP87,F87) | AR87: =IF(G87="",AQ87,G87) | AS87: =IF(H87="",AR87,H87) | AT87: =IF(I87="",AS87,I87) | AU87: =IF(J87="",AT87,J87) | AV87: =IF(K87="",AU87,K87) | AW87: =IF(AL87=0,AW85,average(AP87:AV87)) | BO87: =IFERROR(__xludf.DUMMYFUNCTION("""COMPUTED_VALUE"""),"") | BP87: =if(BO87<>"",BO87,BP86) | BQ87: =IFERROR(__xludf.DUMMYFUNCTION("""COMPUTED_VALUE"""),"") | BS87: =if($G$13="Enable",if(BQ87<>"",BQ87,BR87),if(BR87<>"",BR87,BQ87)) | BT87: =if($BP87<>"",if(BS87<>"",BS87,BT86),"") | BU87: =if(BS87="",BU86,BT86) | BV87: =if($BP87<>"", if($G$9="Male", if(and($G$5="lb",$BT87<20),1, if(and($G$5="lb",$BT87>=20,$BT87<=25),0.8, if(and($G$5="lb",$BT87>25),0.73, if(and($G$5="kg",$BT87<20),2.2, if(and($G$5="kg",$BT87>=20,$BT87<=25),1.76, if(and($G$5="kg",$BT87>25),1.606)))))), if($G$9="Female", if(and($G$5="lb",$BT87<=25),1, if(and($G$5="lb",$BT87>25),0.8, if(and($G$5="kg",$BT87<=25),2.2, if(and($G$5="kg",$BT87>25),1.76,"")))),""))) -> FALSE | BW87: =if($BP87<>"",if(abs(($BP87*$BV87)-$BW86)>=5,$BP87*$BV87,$BW86),"") | BX87: =if($BP87<>"", if($G$9="Male", if(and($G$5="lb",$BT87<20),0.8, if(and($G$5="lb",$BT87>=20),0.73, if(and($G$5="kg",$BT87<20),1.76, if(and($G$5="kg",$BT87>=20),1.606)))), if($G$9="Female", if($G$5="lb",0.8,1.76),""))) -> FALSE | BY87: =if($BP87<>"", if($G$9="Male", if(and($G$5="lb",$BT87<20),1.2, if(and($G$5="lb",$BT87>=20),1, if(and($G$5="kg",$BT87<20),2.64, if(and($G$5="kg",$BT87>=20),2.2)))), if($G$9="Female", if($G$5="lb",1.4,3.08),""))) -> FALSE | BZ87: =if(BW87<>BW86,BP87*BX87,BZ86) -> 0 | CA87: =if(BW87<>BW86,BP87*BY87,CA86) -> 0
B88: =IF(B86="","",B86+7) | D88: =D86 -> Weight | L88: =if(counta(E88:K88)=0,"",AVERAGE(E88:K88)) | Q88: =BL88 | S88: =IFERROR(__xludf.DUMMYFUNCTION("IF(L88="""","""",(L88-index(filter($L$36:L86,$L$36:L86<>"""",ISEVEN(row($L$36:L86))),count(filter($L$36:L86,$L$36:L86<>"""",iseven(row($L$36:L86)))),1)))"),"") | U88: =if(BD$24=FALSE,"",IF(L88="","",BC88)) | W88: =IF(count(S88:S89)>1,1,0) -> 0 | X88: =if(Y88="","","Week 27") | Y88: =IF(S88="","",text(B88,"MMM-YY")) | AB88: =B140 | AC88: =AB88 | AD88: =AC88+1 -> 1 | AE88: =AD88+1 -> 2 | AF88: =AE88+1 -> 3 | AG88: =AF88+1 -> 4 | AH88: =AG88+1 -> 5 | AI88: =AH88+1 -> 6 | AJ88: =AJ86+1 -> 27 | AK88: 26 | AL88: =COUNT(AP88:AV88) -> 0 | AM88: =IF(K88="",AM86,K88) | AP88: =IF(COUNT($E88:$K88)<1,"",IF(E88="",AQ82,E88)) | AQ88: =IF(F88="",AP88,F88) | AR88: =IF(G88="",AQ88,G88) | AS88: =IF(H88="",AR88,H88) | AT88: =IF(I88="",AS88,I88) | AU88: =IF(J88="",AT88,J88) | AV88: =IF(K88="",AU88,K88) | AW88: =IF(AL88=0,AW86,average(AP88:AV88)) | AX88: =if(AND(AW88=AX$34,$AL88>0),ROW(),0) -> 0 | AY88: =if(AND(AW88=AY$34,$AL88>0),ROW(),0) -> 0 | AZ88: =IF(AW88="","",AW88-AW86) | BA88: =if(BB88>0,row(),0) -> 88 | BB88: =max(if(E88=AW$30,COLUMN(E88),0),if(F88=AW$30,COLUMN(F88),0),if(G88=AW$30,COLUMN(G88),0),if(H88=AW$30,COLUMN(H88),0),if(I88=AW$30,COLUMN(I88),0),if(J88=AW$30,COLUMN(J88),0),if(K88=AW$30,COLUMN(K88),0)) -> 11 | BC88: =IF(BD88="","",IF(AZ88="","",BD88)) | BD88: =IF(AL88=0,BD86,IF(AL89=0,BD86,((AW89+(((-AZ88)*$BD$7)/AL89)+sum($BE$38:BE86))/AK88))) -> 0 | BE88: =IF(AL88=0,BE86,IF(AL89=0,BE86,AW89+(((-AZ88)*$BD$7)/AL89))) -> 0 | BJ88: =text(B88,"YYYY MMM") | BL88: =if($G$13="Disable","", if($G$9="","",if(and($G$9="Male",count($N88:$O88)<>2),"", if(and($G$9="Male",count($N88:$O88)=2),round(if($N88="","", if($G$14="cm",86.01*log($N88-$O88)-70.041*log($G$15)+30.3, if($G$14="inch",86.01*log(($N88-$O88)*2.54)-70.041*log($G$15*2.54)+30.3))),0), if(and($G$9="Female",count($N88:$P88)<>3),"", if(and($G$9="Female",count($N88:$P88)=3),round(if($N88="","", if($G$14="cm",495/(1.29579-0.35004*log10($N88+$P88-$O88)+0.221 * log10($G$15))-450, if($G$14="inch",495/(1.29579-0.35004*log10(($N88+$P88-$O88)*2.54)+0.221 * log10($G$15*2.54))-450))),0))))))) | BO88: =IFERROR(__xludf.DUMMYFUNCTION("""COMPUTED_VALUE"""),"") | BP88: =if(BO88<>"",BO88,BP87) | BQ88: =IFERROR(__xludf.DUMMYFUNCTION("""COMPUTED_VALUE"""),"") | BS88: =if($G$13="Enable",if(BQ88<>"",BQ88,BR88),if(BR88<>"",BR88,BQ88)) | BT88: =if($BP88<>"",if(BS88<>"",BS88,BT87),"") | BU88: =if(BS88="",BU87,BT87) | BV88: =if($BP88<>"", if($G$9="Male", if(and($G$5="lb",$BT88<20),1, if(and($G$5="lb",$BT88>=20,$BT88<=25),0.8, if(and($G$5="lb",$BT88>25),0.73, if(and($G$5="kg",$BT88<20),2.2, if(and($G$5="kg",$BT88>=20,$BT88<=25),1.76, if(and($G$5="kg",$BT88>25),1.606)))))), if($G$9="Female", if(and($G$5="lb",$BT88<=25),1, if(and($G$5="lb",$BT88>25),0.8, if(and($G$5="kg",$BT88<=25),2.2, if(and($G$5="kg",$BT88>25),1.76,"")))),""))) -> FALSE | BW88: =if($BP88<>"",if(abs(($BP88*$BV88)-$BW87)>=5,$BP88*$BV88,$BW87),"") | BX88: =if($BP88<>"", if($G$9="Male", if(and($G$5="lb",$BT88<20),0.8, if(and($G$5="lb",$BT88>=20),0.73, if(and($G$5="kg",$BT88<20),1.76, if(and($G$5="kg",$BT88>=20),1.606)))), if($G$9="Female", if($G$5="lb",0.8,1.76),""))) -> FALSE | BY88: =if($BP88<>"", if($G$9="Male", if(and($G$5="lb",$BT88<20),1.2, if(and($G$5="lb",$BT88>=20),1, if(and($G$5="kg",$BT88<20),2.64, if(and($G$5="kg",$BT88>=20),2.2)))), if($G$9="Female", if($G$5="lb",1.4,3.08),""))) -> FALSE | BZ88: =if(BW88<>BW87,BP88*BX88,BZ87) -> 0 | CA88: =if(BW88<>BW87,BP88*BY88,CA87) -> 0
D89: =D87 -> Calories | L89: =if(counta(E89:K89)=0,"",AVERAGE(E89:K89)) | AJ89: =AJ88+0.5 -> 27.5 | AL89: =COUNT(AP89:AV89) -> 0 | AM89: =AM88 | AP89: =IF(COUNT($E89:$K89)<1,"",IF(E89="",AQ83,E89)) | AQ89: =IF(F89="",AP89,F89) | AR89: =IF(G89="",AQ89,G89) | AS89: =IF(H89="",AR89,H89) | AT89: =IF(I89="",AS89,I89) | AU89: =IF(J89="",AT89,J89) | AV89: =IF(K89="",AU89,K89) | AW89: =IF(AL89=0,AW87,average(AP89:AV89)) | BP89: =if(BO89<>"",BO89,BP88) | BS89: =if($G$13="Enable",if(BQ89<>"",BQ89,BR89),if(BR89<>"",BR89,BQ89)) | BT89: =if($BP89<>"",if(BS89<>"",BS89,BT88),"") | BU89: =if(BS89="",BU88,BT88) | BV89: =if($BP89<>"", if($G$9="Male", if(and($G$5="lb",$BT89<20),1, if(and($G$5="lb",$BT89>=20,$BT89<=25),0.8, if(and($G$5="lb",$BT89>25),0.73, if(and($G$5="kg",$BT89<20),2.2, if(and($G$5="kg",$BT89>=20,$BT89<=25),1.76, if(and($G$5="kg",$BT89>25),1.606)))))), if($G$9="Female", if(and($G$5="lb",$BT89<=25),1, if(and($G$5="lb",$BT89>25),0.8, if(and($G$5="kg",$BT89<=25),2.2, if(and($G$5="kg",$BT89>25),1.76,"")))),""))) -> FALSE | BW89: =if($BP89<>"",if(abs(($BP89*$BV89)-$BW88)>=5,$BP89*$BV89,$BW88),"") | BX89: =if($BP89<>"", if($G$9="Male", if(and($G$5="lb",$BT89<20),0.8, if(and($G$5="lb",$BT89>=20),0.73, if(and($G$5="kg",$BT89<20),1.76, if(and($G$5="kg",$BT89>=20),1.606)))), if($G$9="Female", if($G$5="lb",0.8,1.76),""))) -> FALSE | BY89: =if($BP89<>"", if($G$9="Male", if(and($G$5="lb",$BT89<20),1.2, if(and($G$5="lb",$BT89>=20),1, if(and($G$5="kg",$BT89<20),2.64, if(and($G$5="kg",$BT89>=20),2.2)))), if($G$9="Female", if($G$5="lb",1.4,3.08),""))) -> FALSE | BZ89: =if(BW89<>BW88,BP89*BX89,BZ88) -> 0 | CA89: =if(BW89<>BW88,BP89*BY89,CA88) -> 0
B90: =IF(B88="","",B88+7) | D90: =D88 -> Weight | L90: =if(counta(E90:K90)=0,"",AVERAGE(E90:K90)) | Q90: =BL90 | S90: =IFERROR(__xludf.DUMMYFUNCTION("IF(L90="""","""",(L90-index(filter($L$36:L88,$L$36:L88<>"""",ISEVEN(row($L$36:L88))),count(filter($L$36:L88,$L$36:L88<>"""",iseven(row($L$36:L88)))),1)))"),"") | U90: =if(BD$24=FALSE,"",IF(L90="","",BC90)) | W90: =IF(count(S90:S91)>1,1,0) -> 0 | X90: =if(Y90="","","Week 28") | Y90: =IF(S90="","",text(B90,"MMM-YY")) | AJ90: =AJ88+1 -> 28 | AK90: 27 | AL90: =COUNT(AP90:AV90) -> 0 | AM90: =IF(K90="",AM88,K90) | AP90: =IF(COUNT($E90:$K90)<1,"",IF(E90="",AQ84,E90)) | AQ90: =IF(F90="",AP90,F90) | AR90: =IF(G90="",AQ90,G90) | AS90: =IF(H90="",AR90,H90) | AT90: =IF(I90="",AS90,I90) | AU90: =IF(J90="",AT90,J90) | AV90: =IF(K90="",AU90,K90) | AW90: =IF(AL90=0,AW88,average(AP90:AV90)) | AX90: =if(AND(AW90=AX$34,$AL90>0),ROW(),0) -> 0 | AY90: =if(AND(AW90=AY$34,$AL90>0),ROW(),0) -> 0 | AZ90: =IF(AW90="","",AW90-AW88) | BA90: =if(BB90>0,row(),0) -> 90 | BB90: =max(if(E90=AW$30,COLUMN(E90),0),if(F90=AW$30,COLUMN(F90),0),if(G90=AW$30,COLUMN(G90),0),if(H90=AW$30,COLUMN(H90),0),if(I90=AW$30,COLUMN(I90),0),if(J90=AW$30,COLUMN(J90),0),if(K90=AW$30,COLUMN(K90),0)) -> 11 | BC90: =IF(BD90="","",IF(AZ90="","",BD90)) | BD90: =IF(AL90=0,BD88,IF(AL91=0,BD88,((AW91+(((-AZ90)*$BD$7)/AL91)+sum($BE$38:BE88))/AK90))) -> 0 | BE90: =IF(AL90=0,BE88,IF(AL91=0,BE88,AW91+(((-AZ90)*$BD$7)/AL91))) -> 0 | BJ90: =text(B90,"YYYY MMM") | BL90: =if($G$13="Disable","", if($G$9="","",if(and($G$9="Male",count($N90:$O90)<>2),"", if(and($G$9="Male",count($N90:$O90)=2),round(if($N90="","", if($G$14="cm",86.01*log($N90-$O90)-70.041*log($G$15)+30.3, if($G$14="inch",86.01*log(($N90-$O90)*2.54)-70.041*log($G$15*2.54)+30.3))),0), if(and($G$9="Female",count($N90:$P90)<>3),"", if(and($G$9="Female",count($N90:$P90)=3),round(if($N90="","", if($G$14="cm",495/(1.29579-0.35004*log10($N90+$P90-$O90)+0.221 * log10($G$15))-450, if($G$14="inch",495/(1.29579-0.35004*log10(($N90+$P90-$O90)*2.54)+0.221 * log10($G$15*2.54))-450))),0))))))) | BP90: =if(BO90<>"",BO90,BP89) | BS90: =if($G$13="Enable",if(BQ90<>"",BQ90,BR90),if(BR90<>"",BR90,BQ90)) | BT90: =if($BP90<>"",if(BS90<>"",BS90,BT89),"") | BU90: =if(BS90="",BU89,BT89) | BV90: =if($BP90<>"", if($G$9="Male", if(and($G$5="lb",$BT90<20),1, if(and($G$5="lb",$BT90>=20,$BT90<=25),0.8, if(and($G$5="lb",$BT90>25),0.73, if(and($G$5="kg",$BT90<20),2.2, if(and($G$5="kg",$BT90>=20,$BT90<=25),1.76, if(and($G$5="kg",$BT90>25),1.606)))))), if($G$9="Female", if(and($G$5="lb",$BT90<=25),1, if(and($G$5="lb",$BT90>25),0.8, if(and($G$5="kg",$BT90<=25),2.2, if(and($G$5="kg",$BT90>25),1.76,"")))),""))) -> FALSE | BW90: =if($BP90<>"",if(abs(($BP90*$BV90)-$BW89)>=5,$BP90*$BV90,$BW89),"") | BX90: =if($BP90<>"", if($G$9="Male", if(and($G$5="lb",$BT90<20),0.8, if(and($G$5="lb",$BT90>=20),0.73, if(and($G$5="kg",$BT90<20),1.76, if(and($G$5="kg",$BT90>=20),1.606)))), if($G$9="Female", if($G$5="lb",0.8,1.76),""))) -> FALSE | BY90: =if($BP90<>"", if($G$9="Male", if(and($G$5="lb",$BT90<20),1.2, if(and($G$5="lb",$BT90>=20),1, if(and($G$5="kg",$BT90<20),2.64, if(and($G$5="kg",$BT90>=20),2.2)))), if($G$9="Female", if($G$5="lb",1.4,3.08),""))) -> FALSE | BZ90: =if(BW90<>BW89,BP90*BX90,BZ89) -> 0 | CA90: =if(BW90<>BW89,BP90*BY90,CA89) -> 0
D91: =D89 -> Calories | L91: =if(counta(E91:K91)=0,"",AVERAGE(E91:K91)) | AJ91: =AJ90+0.5 -> 28.5 | AL91: =COUNT(AP91:AV91) -> 0 | AM91: =AM90 | AP91: =IF(COUNT($E91:$K91)<1,"",IF(E91="",AQ85,E91)) | AQ91: =IF(F91="",AP91,F91) | AR91: =IF(G91="",AQ91,G91) | AS91: =IF(H91="",AR91,H91) | AT91: =IF(I91="",AS91,I91) | AU91: =IF(J91="",AT91,J91) | AV91: =IF(K91="",AU91,K91) | AW91: =IF(AL91=0,AW89,average(AP91:AV91)) | BP91: =if(BO91<>"",BO91,BP90) | BS91: =if($G$13="Enable",if(BQ91<>"",BQ91,BR91),if(BR91<>"",BR91,BQ91)) | BT91: =if($BP91<>"",if(BS91<>"",BS91,BT90),"") | BU91: =if(BS91="",BU90,BT90) | BV91: =if($BP91<>"", if($G$9="Male", if(and($G$5="lb",$BT91<20),1, if(and($G$5="lb",$BT91>=20,$BT91<=25),0.8, if(and($G$5="lb",$BT91>25),0.73, if(and($G$5="kg",$BT91<20),2.2, if(and($G$5="kg",$BT91>=20,$BT91<=25),1.76, if(and($G$5="kg",$BT91>25),1.606)))))), if($G$9="Female", if(and($G$5="lb",$BT91<=25),1, if(and($G$5="lb",$BT91>25),0.8, if(and($G$5="kg",$BT91<=25),2.2, if(and($G$5="kg",$BT91>25),1.76,"")))),""))) -> FALSE | BW91: =if($BP91<>"",if(abs(($BP91*$BV91)-$BW90)>=5,$BP91*$BV91,$BW90),"") | BX91: =if($BP91<>"", if($G$9="Male", if(and($G$5="lb",$BT91<20),0.8, if(and($G$5="lb",$BT91>=20),0.73, if(and($G$5="kg",$BT91<20),1.76, if(and($G$5="kg",$BT91>=20),1.606)))), if($G$9="Female", if($G$5="lb",0.8,1.76),""))) -> FALSE | BY91: =if($BP91<>"", if($G$9="Male", if(and($G$5="lb",$BT91<20),1.2, if(and($G$5="lb",$BT91>=20),1, if(and($G$5="kg",$BT91<20),2.64, if(and($G$5="kg",$BT91>=20),2.2)))), if($G$9="Female", if($G$5="lb",1.4,3.08),""))) -> FALSE | BZ91: =if(BW91<>BW90,BP91*BX91,BZ90) -> 0 | CA91: =if(BW91<>BW90,BP91*BY91,CA90) -> 0
B92: =IF(B90="","",B90+7) | D92: =D90 -> Weight | L92: =if(counta(E92:K92)=0,"",AVERAGE(E92:K92)) | Q92: =BL92 | S92: =IFERROR(__xludf.DUMMYFUNCTION("IF(L92="""","""",(L92-index(filter($L$36:L90,$L$36:L90<>"""",ISEVEN(row($L$36:L90))),count(filter($L$36:L90,$L$36:L90<>"""",iseven(row($L$36:L90)))),1)))"),"") | U92: =if(BD$24=FALSE,"",IF(L92="","",BC92)) | W92: =IF(count(S92:S93)>1,1,0) -> 0 | X92: =if(Y92="","","Week 29") | Y92: =IF(S92="","",text(B92,"MMM-YY")) | AJ92: =AJ90+1 -> 29 | AK92: 28 | AL92: =COUNT(AP92:AV92) -> 0 | AM92: =IF(K92="",AM90,K92) | AP92: =IF(COUNT($E92:$K92)<1,"",IF(E92="",AQ86,E92)) | AQ92: =IF(F92="",AP92,F92) | AR92: =IF(G92="",AQ92,G92) | AS92: =IF(H92="",AR92,H92) | AT92: =IF(I92="",AS92,I92) | AU92: =IF(J92="",AT92,J92) | AV92: =IF(K92="",AU92,K92) | AW92: =IF(AL92=0,AW90,average(AP92:AV92)) | AX92: =if(AND(AW92=AX$34,$AL92>0),ROW(),0) -> 0 | AY92: =if(AND(AW92=AY$34,$AL92>0),ROW(),0) -> 0 | AZ92: =IF(AW92="","",AW92-AW90) | BA92: =if(BB92>0,row(),0) -> 92 | BB92: =max(if(E92=AW$30,COLUMN(E92),0),if(F92=AW$30,COLUMN(F92),0),if(G92=AW$30,COLUMN(G92),0),if(H92=AW$30,COLUMN(H92),0),if(I92=AW$30,COLUMN(I92),0),if(J92=AW$30,COLUMN(J92),0),if(K92=AW$30,COLUMN(K92),0)) -> 11 | BC92: =IF(BD92="","",IF(AZ92="","",BD92)) | BD92: =IF(AL92=0,BD90,IF(AL93=0,BD90,((AW93+(((-AZ92)*$BD$7)/AL93)+sum($BE$38:BE90))/AK92))) -> 0 | BE92: =IF(AL92=0,BE90,IF(AL93=0,BE90,AW93+(((-AZ92)*$BD$7)/AL93))) -> 0 | BJ92: =text(B92,"YYYY MMM") | BL92: =if($G$13="Disable","", if($G$9="","",if(and($G$9="Male",count($N92:$O92)<>2),"", if(and($G$9="Male",count($N92:$O92)=2),round(if($N92="","", if($G$14="cm",86.01*log($N92-$O92)-70.041*log($G$15)+30.3, if($G$14="inch",86.01*log(($N92-$O92)*2.54)-70.041*log($G$15*2.54)+30.3))),0), if(and($G$9="Female",count($N92:$P92)<>3),"", if(and($G$9="Female",count($N92:$P92)=3),round(if($N92="","", if($G$14="cm",495/(1.29579-0.35004*log10($N92+$P92-$O92)+0.221 * log10($G$15))-450, if($G$14="inch",495/(1.29579-0.35004*log10(($N92+$P92-$O92)*2.54)+0.221 * log10($G$15*2.54))-450))),0))))))) | BP92: =if(BO92<>"",BO92,BP91) | BS92: =if($G$13="Enable",if(BQ92<>"",BQ92,BR92),if(BR92<>"",BR92,BQ92)) | BT92: =if($BP92<>"",if(BS92<>"",BS92,BT91),"") | BU92: =if(BS92="",BU91,BT91) | BV92: =if($BP92<>"", if($G$9="Male", if(and($G$5="lb",$BT92<20),1, if(and($G$5="lb",$BT92>=20,$BT92<=25),0.8, if(and($G$5="lb",$BT92>25),0.73, if(and($G$5="kg",$BT92<20),2.2, if(and($G$5="kg",$BT92>=20,$BT92<=25),1.76, if(and($G$5="kg",$BT92>25),1.606)))))), if($G$9="Female", if(and($G$5="lb",$BT92<=25),1, if(and($G$5="lb",$BT92>25),0.8, if(and($G$5="kg",$BT92<=25),2.2, if(and($G$5="kg",$BT92>25),1.76,"")))),""))) -> FALSE | BW92: =if($BP92<>"",if(abs(($BP92*$BV92)-$BW91)>=5,$BP92*$BV92,$BW91),"") | BX92: =if($BP92<>"", if($G$9="Male", if(and($G$5="lb",$BT92<20),0.8, if(and($G$5="lb",$BT92>=20),0.73, if(and($G$5="kg",$BT92<20),1.76, if(and($G$5="kg",$BT92>=20),1.606)))), if($G$9="Female", if($G$5="lb",0.8,1.76),""))) -> FALSE | BY92: =if($BP92<>"", if($G$9="Male", if(and($G$5="lb",$BT92<20),1.2, if(and($G$5="lb",$BT92>=20),1, if(and($G$5="kg",$BT92<20),2.64, if(and($G$5="kg",$BT92>=20),2.2)))), if($G$9="Female", if($G$5="lb",1.4,3.08),""))) -> FALSE | BZ92: =if(BW92<>BW91,BP92*BX92,BZ91) -> 0 | CA92: =if(BW92<>BW91,BP92*BY92,CA91) -> 0
D93: =D91 -> Calories | L93: =if(counta(E93:K93)=0,"",AVERAGE(E93:K93)) | AJ93: =AJ92+0.5 -> 29.5 | AL93: =COUNT(AP93:AV93) -> 0 | AM93: =AM92 | AP93: =IF(COUNT($E93:$K93)<1,"",IF(E93="",AQ87,E93)) | AQ93: =IF(F93="",AP93,F93) | AR93: =IF(G93="",AQ93,G93) | AS93: =IF(H93="",AR93,H93) | AT93: =IF(I93="",AS93,I93) | AU93: =IF(J93="",AT93,J93) | AV93: =IF(K93="",AU93,K93) | AW93: =IF(AL93=0,AW91,average(AP93:AV93)) | BP93: =if(BO93<>"",BO93,BP92) | BS93: =if($G$13="Enable",if(BQ93<>"",BQ93,BR93),if(BR93<>"",BR93,BQ93)) | BT93: =if($BP93<>"",if(BS93<>"",BS93,BT92),"") | BU93: =if(BS93="",BU92,BT92) | BV93: =if($BP93<>"", if($G$9="Male", if(and($G$5="lb",$BT93<20),1, if(and($G$5="lb",$BT93>=20,$BT93<=25),0.8, if(and($G$5="lb",$BT93>25),0.73, if(and($G$5="kg",$BT93<20),2.2, if(and($G$5="kg",$BT93>=20,$BT93<=25),1.76, if(and($G$5="kg",$BT93>25),1.606)))))), if($G$9="Female", if(and($G$5="lb",$BT93<=25),1, if(and($G$5="lb",$BT93>25),0.8, if(and($G$5="kg",$BT93<=25),2.2, if(and($G$5="kg",$BT93>25),1.76,"")))),""))) -> FALSE | BW93: =if($BP93<>"",if(abs(($BP93*$BV93)-$BW92)>=5,$BP93*$BV93,$BW92),"") | BX93: =if($BP93<>"", if($G$9="Male", if(and($G$5="lb",$BT93<20),0.8, if(and($G$5="lb",$BT93>=20),0.73, if(and($G$5="kg",$BT93<20),1.76, if(and($G$5="kg",$BT93>=20),1.606)))), if($G$9="Female", if($G$5="lb",0.8,1.76),""))) -> FALSE | BY93: =if($BP93<>"", if($G$9="Male", if(and($G$5="lb",$BT93<20),1.2, if(and($G$5="lb",$BT93>=20),1, if(and($G$5="kg",$BT93<20),2.64, if(and($G$5="kg",$BT93>=20),2.2)))), if($G$9="Female", if($G$5="lb",1.4,3.08),""))) -> FALSE | BZ93: =if(BW93<>BW92,BP93*BX93,BZ92) -> 0 | CA93: =if(BW93<>BW92,BP93*BY93,CA92) -> 0
B94: =IF(B92="","",B92+7) | D94: =D92 -> Weight | L94: =if(counta(E94:K94)=0,"",AVERAGE(E94:K94)) | Q94: =BL94 | S94: =IFERROR(__xludf.DUMMYFUNCTION("IF(L94="""","""",(L94-index(filter($L$36:L92,$L$36:L92<>"""",ISEVEN(row($L$36:L92))),count(filter($L$36:L92,$L$36:L92<>"""",iseven(row($L$36:L92)))),1)))"),"") | U94: =if(BD$24=FALSE,"",IF(L94="","",BC94)) | W94: =IF(count(S94:S95)>1,1,0) -> 0 | X94: =if(Y94="","","Week 30") | Y94: =IF(S94="","",text(B94,"MMM-YY")) | AJ94: =AJ92+1 -> 30 | AK94: 29 | AL94: =COUNT(AP94:AV94) -> 0 | AM94: =IF(K94="",AM92,K94) | AP94: =IF(COUNT($E94:$K94)<1,"",IF(E94="",AQ88,E94)) | AQ94: =IF(F94="",AP94,F94) | AR94: =IF(G94="",AQ94,G94) | AS94: =IF(H94="",AR94,H94) | AT94: =IF(I94="",AS94,I94) | AU94: =IF(J94="",AT94,J94) | AV94: =IF(K94="",AU94,K94) | AW94: =IF(AL94=0,AW92,average(AP94:AV94)) | AX94: =if(AND(AW94=AX$34,$AL94>0),ROW(),0) -> 0 | AY94: =if(AND(AW94=AY$34,$AL94>0),ROW(),0) -> 0 | AZ94: =IF(AW94="","",AW94-AW92) | BA94: =if(BB94>0,row(),0) -> 94 | BB94: =max(if(E94=AW$30,COLUMN(E94),0),if(F94=AW$30,COLUMN(F94),0),if(G94=AW$30,COLUMN(G94),0),if(H94=AW$30,COLUMN(H94),0),if(I94=AW$30,COLUMN(I94),0),if(J94=AW$30,COLUMN(J94),0),if(K94=AW$30,COLUMN(K94),0)) -> 11 | BC94: =IF(BD94="","",IF(AZ94="","",BD94)) | BD94: =IF(AL94=0,BD92,IF(AL95=0,BD92,((AW95+(((-AZ94)*$BD$7)/AL95)+sum($BE$38:BE92))/AK94))) -> 0 | BE94: =IF(AL94=0,BE92,IF(AL95=0,BE92,AW95+(((-AZ94)*$BD$7)/AL95))) -> 0 | BJ94: =text(B94,"YYYY MMM") | BL94: =if($G$13="Disable","", if($G$9="","",if(and($G$9="Male",count($N94:$O94)<>2),"", if(and($G$9="Male",count($N94:$O94)=2),round(if($N94="","", if($G$14="cm",86.01*log($N94-$O94)-70.041*log($G$15)+30.3, if($G$14="inch",86.01*log(($N94-$O94)*2.54)-70.041*log($G$15*2.54)+30.3))),0), if(and($G$9="Female",count($N94:$P94)<>3),"", if(and($G$9="Female",count($N94:$P94)=3),round(if($N94="","", if($G$14="cm",495/(1.29579-0.35004*log10($N94+$P94-$O94)+0.221 * log10($G$15))-450, if($G$14="inch",495/(1.29579-0.35004*log10(($N94+$P94-$O94)*2.54)+0.221 * log10($G$15*2.54))-450))),0))))))) | BP94: =if(BO94<>"",BO94,BP93) | BS94: =if($G$13="Enable",if(BQ94<>"",BQ94,BR94),if(BR94<>"",BR94,BQ94)) | BT94: =if($BP94<>"",if(BS94<>"",BS94,BT93),"") | BU94: =if(BS94="",BU93,BT93) | BV94: =if($BP94<>"", if($G$9="Male", if(and($G$5="lb",$BT94<20),1, if(and($G$5="lb",$BT94>=20,$BT94<=25),0.8, if(and($G$5="lb",$BT94>25),0.73, if(and($G$5="kg",$BT94<20),2.2, if(and($G$5="kg",$BT94>=20,$BT94<=25),1.76, if(and($G$5="kg",$BT94>25),1.606)))))), if($G$9="Female", if(and($G$5="lb",$BT94<=25),1, if(and($G$5="lb",$BT94>25),0.8, if(and($G$5="kg",$BT94<=25),2.2, if(and($G$5="kg",$BT94>25),1.76,"")))),""))) -> FALSE | BW94: =if($BP94<>"",if(abs(($BP94*$BV94)-$BW93)>=5,$BP94*$BV94,$BW93),"") | BX94: =if($BP94<>"", if($G$9="Male", if(and($G$5="lb",$BT94<20),0.8, if(and($G$5="lb",$BT94>=20),0.73, if(and($G$5="kg",$BT94<20),1.76, if(and($G$5="kg",$BT94>=20),1.606)))), if($G$9="Female", if($G$5="lb",0.8,1.76),""))) -> FALSE | BY94: =if($BP94<>"", if($G$9="Male", if(and($G$5="lb",$BT94<20),1.2, if(and($G$5="lb",$BT94>=20),1, if(and($G$5="kg",$BT94<20),2.64, if(and($G$5="kg",$BT94>=20),2.2)))), if($G$9="Female", if($G$5="lb",1.4,3.08),""))) -> FALSE | BZ94: =if(BW94<>BW93,BP94*BX94,BZ93) -> 0 | CA94: =if(BW94<>BW93,BP94*BY94,CA93) -> 0
D95: =D93 -> Calories | L95: =if(counta(E95:K95)=0,"",AVERAGE(E95:K95)) | AJ95: =AJ94+0.5 -> 30.5 | AL95: =COUNT(AP95:AV95) -> 0 | AM95: =AM94 | AP95: =IF(COUNT($E95:$K95)<1,"",IF(E95="",AQ89,E95)) | AQ95: =IF(F95="",AP95,F95) | AR95: =IF(G95="",AQ95,G95) | AS95: =IF(H95="",AR95,H95) | AT95: =IF(I95="",AS95,I95) | AU95: =IF(J95="",AT95,J95) | AV95: =IF(K95="",AU95,K95) | AW95: =IF(AL95=0,AW93,average(AP95:AV95)) | BP95: =if(BO95<>"",BO95,BP94) | BS95: =if($G$13="Enable",if(BQ95<>"",BQ95,BR95),if(BR95<>"",BR95,BQ95)) | BT95: =if($BP95<>"",if(BS95<>"",BS95,BT94),"") | BU95: =if(BS95="",BU94,BT94) | BV95: =if($BP95<>"", if($G$9="Male", if(and($G$5="lb",$BT95<20),1, if(and($G$5="lb",$BT95>=20,$BT95<=25),0.8, if(and($G$5="lb",$BT95>25),0.73, if(and($G$5="kg",$BT95<20),2.2, if(and($G$5="kg",$BT95>=20,$BT95<=25),1.76, if(and($G$5="kg",$BT95>25),1.606)))))), if($G$9="Female", if(and($G$5="lb",$BT95<=25),1, if(and($G$5="lb",$BT95>25),0.8, if(and($G$5="kg",$BT95<=25),2.2, if(and($G$5="kg",$BT95>25),1.76,"")))),""))) -> FALSE | BW95: =if($BP95<>"",if(abs(($BP95*$BV95)-$BW94)>=5,$BP95*$BV95,$BW94),"") | BX95: =if($BP95<>"", if($G$9="Male", if(and($G$5="lb",$BT95<20),0.8, if(and($G$5="lb",$BT95>=20),0.73, if(and($G$5="kg",$BT95<20),1.76, if(and($G$5="kg",$BT95>=20),1.606)))), if($G$9="Female", if($G$5="lb",0.8,1.76),""))) -> FALSE | BY95: =if($BP95<>"", if($G$9="Male", if(and($G$5="lb",$BT95<20),1.2, if(and($G$5="lb",$BT95>=20),1, if(and($G$5="kg",$BT95<20),2.64, if(and($G$5="kg",$BT95>=20),2.2)))), if($G$9="Female", if($G$5="lb",1.4,3.08),""))) -> FALSE | BZ95: =if(BW95<>BW94,BP95*BX95,BZ94) -> 0 | CA95: =if(BW95<>BW94,BP95*BY95,CA94) -> 0
B96: =IF(B94="","",B94+7) | D96: =D94 -> Weight | L96: =if(counta(E96:K96)=0,"",AVERAGE(E96:K96)) | Q96: =BL96 | S96: =IFERROR(__xludf.DUMMYFUNCTION("IF(L96="""","""",(L96-index(filter($L$36:L94,$L$36:L94<>"""",ISEVEN(row($L$36:L94))),count(filter($L$36:L94,$L$36:L94<>"""",iseven(row($L$36:L94)))),1)))"),"") | U96: =if(BD$24=FALSE,"",IF(L96="","",BC96)) | W96: =IF(count(S96:S97)>1,1,0) -> 0 | X96: =if(Y96="","","Week 31") | Y96: =IF(S96="","",text(B96,"MMM-YY")) | AJ96: =AJ94+1 -> 31 | AK96: 30 | AL96: =COUNT(AP96:AV96) -> 0 | AM96: =IF(K96="",AM94,K96) | AP96: =IF(COUNT($E96:$K96)<1,"",IF(E96="",AQ90,E96)) | AQ96: =IF(F96="",AP96,F96) | AR96: =IF(G96="",AQ96,G96) | AS96: =IF(H96="",AR96,H96) | AT96: =IF(I96="",AS96,I96) | AU96: =IF(J96="",AT96,J96) | AV96: =IF(K96="",AU96,K96) | AW96: =IF(AL96=0,AW94,average(AP96:AV96)) | AX96: =if(AND(AW96=AX$34,$AL96>0),ROW(),0) -> 0 | AY96: =if(AND(AW96=AY$34,$AL96>0),ROW(),0) -> 0 | AZ96: =IF(AW96="","",AW96-AW94) | BA96: =if(BB96>0,row(),0) -> 96 | BB96: =max(if(E96=AW$30,COLUMN(E96),0),if(F96=AW$30,COLUMN(F96),0),if(G96=AW$30,COLUMN(G96),0),if(H96=AW$30,COLUMN(H96),0),if(I96=AW$30,COLUMN(I96),0),if(J96=AW$30,COLUMN(J96),0),if(K96=AW$30,COLUMN(K96),0)) -> 11 | BC96: =IF(BD96="","",IF(AZ96="","",BD96)) | BD96: =IF(AL96=0,BD94,IF(AL97=0,BD94,((AW97+(((-AZ96)*$BD$7)/AL97)+sum($BE$38:BE94))/AK96))) -> 0 | BE96: =IF(AL96=0,BE94,IF(AL97=0,BE94,AW97+(((-AZ96)*$BD$7)/AL97))) -> 0 | BJ96: =text(B96,"YYYY MMM") | BL96: =if($G$13="Disable","", if($G$9="","",if(and($G$9="Male",count($N96:$O96)<>2),"", if(and($G$9="Male",count($N96:$O96)=2),round(if($N96="","", if($G$14="cm",86.01*log($N96-$O96)-70.041*log($G$15)+30.3, if($G$14="inch",86.01*log(($N96-$O96)*2.54)-70.041*log($G$15*2.54)+30.3))),0), if(and($G$9="Female",count($N96:$P96)<>3),"", if(and($G$9="Female",count($N96:$P96)=3),round(if($N96="","", if($G$14="cm",495/(1.29579-0.35004*log10($N96+$P96-$O96)+0.221 * log10($G$15))-450, if($G$14="inch",495/(1.29579-0.35004*log10(($N96+$P96-$O96)*2.54)+0.221 * log10($G$15*2.54))-450))),0))))))) | BP96: =if(BO96<>"",BO96,BP95) | BS96: =if($G$13="Enable",if(BQ96<>"",BQ96,BR96),if(BR96<>"",BR96,BQ96)) | BT96: =if($BP96<>"",if(BS96<>"",BS96,BT95),"") | BU96: =if(BS96="",BU95,BT95) | BV96: =if($BP96<>"", if($G$9="Male", if(and($G$5="lb",$BT96<20),1, if(and($G$5="lb",$BT96>=20,$BT96<=25),0.8, if(and($G$5="lb",$BT96>25),0.73, if(and($G$5="kg",$BT96<20),2.2, if(and($G$5="kg",$BT96>=20,$BT96<=25),1.76, if(and($G$5="kg",$BT96>25),1.606)))))), if($G$9="Female", if(and($G$5="lb",$BT96<=25),1, if(and($G$5="lb",$BT96>25),0.8, if(and($G$5="kg",$BT96<=25),2.2, if(and($G$5="kg",$BT96>25),1.76,"")))),""))) -> FALSE | BW96: =if($BP96<>"",if(abs(($BP96*$BV96)-$BW95)>=5,$BP96*$BV96,$BW95),"") | BX96: =if($BP96<>"", if($G$9="Male", if(and($G$5="lb",$BT96<20),0.8, if(and($G$5="lb",$BT96>=20),0.73, if(and($G$5="kg",$BT96<20),1.76, if(and($G$5="kg",$BT96>=20),1.606)))), if($G$9="Female", if($G$5="lb",0.8,1.76),""))) -> FALSE | BY96: =if($BP96<>"", if($G$9="Male", if(and($G$5="lb",$BT96<20),1.2, if(and($G$5="lb",$BT96>=20),1, if(and($G$5="kg",$BT96<20),2.64, if(and($G$5="kg",$BT96>=20),2.2)))), if($G$9="Female", if($G$5="lb",1.4,3.08),""))) -> FALSE | BZ96: =if(BW96<>BW95,BP96*BX96,BZ95) -> 0 | CA96: =if(BW96<>BW95,BP96*BY96,CA95) -> 0
D97: =D95 -> Calories | L97: =if(counta(E97:K97)=0,"",AVERAGE(E97:K97)) | AJ97: =AJ96+0.5 -> 31.5 | AL97: =COUNT(AP97:AV97) -> 0 | AM97: =AM96 | AP97: =IF(COUNT($E97:$K97)<1,"",IF(E97="",AQ91,E97)) | AQ97: =IF(F97="",AP97,F97) | AR97: =IF(G97="",AQ97,G97) | AS97: =IF(H97="",AR97,H97) | AT97: =IF(I97="",AS97,I97) | AU97: =IF(J97="",AT97,J97) | AV97: =IF(K97="",AU97,K97) | AW97: =IF(AL97=0,AW95,average(AP97:AV97)) | BP97: =if(BO97<>"",BO97,BP96) | BS97: =if($G$13="Enable",if(BQ97<>"",BQ97,BR97),if(BR97<>"",BR97,BQ97)) | BT97: =if($BP97<>"",if(BS97<>"",BS97,BT96),"") | BU97: =if(BS97="",BU96,BT96) | BV97: =if($BP97<>"", if($G$9="Male", if(and($G$5="lb",$BT97<20),1, if(and($G$5="lb",$BT97>=20,$BT97<=25),0.8, if(and($G$5="lb",$BT97>25),0.73, if(and($G$5="kg",$BT97<20),2.2, if(and($G$5="kg",$BT97>=20,$BT97<=25),1.76, if(and($G$5="kg",$BT97>25),1.606)))))), if($G$9="Female", if(and($G$5="lb",$BT97<=25),1, if(and($G$5="lb",$BT97>25),0.8, if(and($G$5="kg",$BT97<=25),2.2, if(and($G$5="kg",$BT97>25),1.76,"")))),""))) -> FALSE | BW97: =if($BP97<>"",if(abs(($BP97*$BV97)-$BW96)>=5,$BP97*$BV97,$BW96),"") | BX97: =if($BP97<>"", if($G$9="Male", if(and($G$5="lb",$BT97<20),0.8, if(and($G$5="lb",$BT97>=20),0.73, if(and($G$5="kg",$BT97<20),1.76, if(and($G$5="kg",$BT97>=20),1.606)))), if($G$9="Female", if($G$5="lb",0.8,1.76),""))) -> FALSE | BY97: =if($BP97<>"", if($G$9="Male", if(and($G$5="lb",$BT97<20),1.2, if(and($G$5="lb",$BT97>=20),1, if(and($G$5="kg",$BT97<20),2.64, if(and($G$5="kg",$BT97>=20),2.2)))), if($G$9="Female", if($G$5="lb",1.4,3.08),""))) -> FALSE | BZ97: =if(BW97<>BW96,BP97*BX97,BZ96) -> 0 | CA97: =if(BW97<>BW96,BP97*BY97,CA96) -> 0
B98: =IF(B96="","",B96+7) | D98: =D96 -> Weight | L98: =if(counta(E98:K98)=0,"",AVERAGE(E98:K98)) | Q98: =BL98 | S98: =IFERROR(__xludf.DUMMYFUNCTION("IF(L98="""","""",(L98-index(filter($L$36:L96,$L$36:L96<>"""",ISEVEN(row($L$36:L96))),count(filter($L$36:L96,$L$36:L96<>"""",iseven(row($L$36:L96)))),1)))"),"") | U98: =if(BD$24=FALSE,"",IF(L98="","",BC98)) | W98: =IF(count(S98:S99)>1,1,0) -> 0 | X98: =if(Y98="","","Week 32") | Y98: =IF(S98="","",text(B98,"MMM-YY")) | AJ98: =AJ96+1 -> 32 | AK98: 31 | AL98: =COUNT(AP98:AV98) -> 0 | AM98: =IF(K98="",AM96,K98) | AP98: =IF(COUNT($E98:$K98)<1,"",IF(E98="",AQ92,E98)) | AQ98: =IF(F98="",AP98,F98) | AR98: =IF(G98="",AQ98,G98) | AS98: =IF(H98="",AR98,H98) | AT98: =IF(I98="",AS98,I98) | AU98: =IF(J98="",AT98,J98) | AV98: =IF(K98="",AU98,K98) | AW98: =IF(AL98=0,AW96,average(AP98:AV98)) | AX98: =if(AND(AW98=AX$34,$AL98>0),ROW(),0) -> 0 | AY98: =if(AND(AW98=AY$34,$AL98>0),ROW(),0) -> 0 | AZ98: =IF(AW98="","",AW98-AW96) | BA98: =if(BB98>0,row(),0) -> 98 | BB98: =max(if(E98=AW$30,COLUMN(E98),0),if(F98=AW$30,COLUMN(F98),0),if(G98=AW$30,COLUMN(G98),0),if(H98=AW$30,COLUMN(H98),0),if(I98=AW$30,COLUMN(I98),0),if(J98=AW$30,COLUMN(J98),0),if(K98=AW$30,COLUMN(K98),0)) -> 11 | BC98: =IF(BD98="","",IF(AZ98="","",BD98)) | BD98: =IF(AL98=0,BD96,IF(AL99=0,BD96,((AW99+(((-AZ98)*$BD$7)/AL99)+sum($BE$38:BE96))/AK98))) -> 0 | BE98: =IF(AL98=0,BE96,IF(AL99=0,BE96,AW99+(((-AZ98)*$BD$7)/AL99))) -> 0 | BJ98: =text(B98,"YYYY MMM") | BL98: =if($G$13="Disable","", if($G$9="","",if(and($G$9="Male",count($N98:$O98)<>2),"", if(and($G$9="Male",count($N98:$O98)=2),round(if($N98="","", if($G$14="cm",86.01*log($N98-$O98)-70.041*log($G$15)+30.3, if($G$14="inch",86.01*log(($N98-$O98)*2.54)-70.041*log($G$15*2.54)+30.3))),0), if(and($G$9="Female",count($N98:$P98)<>3),"", if(and($G$9="Female",count($N98:$P98)=3),round(if($N98="","", if($G$14="cm",495/(1.29579-0.35004*log10($N98+$P98-$O98)+0.221 * log10($G$15))-450, if($G$14="inch",495/(1.29579-0.35004*log10(($N98+$P98-$O98)*2.54)+0.221 * log10($G$15*2.54))-450))),0))))))) | BP98: =if(BO98<>"",BO98,BP97) | BS98: =if($G$13="Enable",if(BQ98<>"",BQ98,BR98),if(BR98<>"",BR98,BQ98)) | BT98: =if($BP98<>"",if(BS98<>"",BS98,BT97),"") | BU98: =if(BS98="",BU97,BT97) | BV98: =if($BP98<>"", if($G$9="Male", if(and($G$5="lb",$BT98<20),1, if(and($G$5="lb",$BT98>=20,$BT98<=25),0.8, if(and($G$5="lb",$BT98>25),0.73, if(and($G$5="kg",$BT98<20),2.2, if(and($G$5="kg",$BT98>=20,$BT98<=25),1.76, if(and($G$5="kg",$BT98>25),1.606)))))), if($G$9="Female", if(and($G$5="lb",$BT98<=25),1, if(and($G$5="lb",$BT98>25),0.8, if(and($G$5="kg",$BT98<=25),2.2, if(and($G$5="kg",$BT98>25),1.76,"")))),""))) -> FALSE | BW98: =if($BP98<>"",if(abs(($BP98*$BV98)-$BW97)>=5,$BP98*$BV98,$BW97),"") | BX98: =if($BP98<>"", if($G$9="Male", if(and($G$5="lb",$BT98<20),0.8, if(and($G$5="lb",$BT98>=20),0.73, if(and($G$5="kg",$BT98<20),1.76, if(and($G$5="kg",$BT98>=20),1.606)))), if($G$9="Female", if($G$5="lb",0.8,1.76),""))) -> FALSE | BY98: =if($BP98<>"", if($G$9="Male", if(and($G$5="lb",$BT98<20),1.2, if(and($G$5="lb",$BT98>=20),1, if(and($G$5="kg",$BT98<20),2.64, if(and($G$5="kg",$BT98>=20),2.2)))), if($G$9="Female", if($G$5="lb",1.4,3.08),""))) -> FALSE | BZ98: =if(BW98<>BW97,BP98*BX98,BZ97) -> 0 | CA98: =if(BW98<>BW97,BP98*BY98,CA97) -> 0
D99: =D97 -> Calories | L99: =if(counta(E99:K99)=0,"",AVERAGE(E99:K99)) | AJ99: =AJ98+0.5 -> 32.5 | AL99: =COUNT(AP99:AV99) -> 0 | AM99: =AM98 | AP99: =IF(COUNT($E99:$K99)<1,"",IF(E99="",AQ93,E99)) | AQ99: =IF(F99="",AP99,F99) | AR99: =IF(G99="",AQ99,G99) | AS99: =IF(H99="",AR99,H99) | AT99: =IF(I99="",AS99,I99) | AU99: =IF(J99="",AT99,J99) | AV99: =IF(K99="",AU99,K99) | AW99: =IF(AL99=0,AW97,average(AP99:AV99)) | BP99: =if(BO99<>"",BO99,BP98) | BS99: =if($G$13="Enable",if(BQ99<>"",BQ99,BR99),if(BR99<>"",BR99,BQ99)) | BT99: =if($BP99<>"",if(BS99<>"",BS99,BT98),"") | BU99: =if(BS99="",BU98,BT98) | BV99: =if($BP99<>"", if($G$9="Male", if(and($G$5="lb",$BT99<20),1, if(and($G$5="lb",$BT99>=20,$BT99<=25),0.8, if(and($G$5="lb",$BT99>25),0.73, if(and($G$5="kg",$BT99<20),2.2, if(and($G$5="kg",$BT99>=20,$BT99<=25),1.76, if(and($G$5="kg",$BT99>25),1.606)))))), if($G$9="Female", if(and($G$5="lb",$BT99<=25),1, if(and($G$5="lb",$BT99>25),0.8, if(and($G$5="kg",$BT99<=25),2.2, if(and($G$5="kg",$BT99>25),1.76,"")))),""))) -> FALSE | BW99: =if($BP99<>"",if(abs(($BP99*$BV99)-$BW98)>=5,$BP99*$BV99,$BW98),"") | BX99: =if($BP99<>"", if($G$9="Male", if(and($G$5="lb",$BT99<20),0.8, if(and($G$5="lb",$BT99>=20),0.73, if(and($G$5="kg",$BT99<20),1.76, if(and($G$5="kg",$BT99>=20),1.606)))), if($G$9="Female", if($G$5="lb",0.8,1.76),""))) -> FALSE | BY99: =if($BP99<>"", if($G$9="Male", if(and($G$5="lb",$BT99<20),1.2, if(and($G$5="lb",$BT99>=20),1, if(and($G$5="kg",$BT99<20),2.64, if(and($G$5="kg",$BT99>=20),2.2)))), if($G$9="Female", if($G$5="lb",1.4,3.08),""))) -> FALSE | BZ99: =if(BW99<>BW98,BP99*BX99,BZ98) -> 0 | CA99: =if(BW99<>BW98,BP99*BY99,CA98) -> 0
B100: =IF(B98="","",B98+7) | D100: =D98 -> Weight | L100: =if(counta(E100:K100)=0,"",AVERAGE(E100:K100)) | Q100: =BL100 | S100: =IFERROR(__xludf.DUMMYFUNCTION("IF(L100="""","""",(L100-index(filter($L$36:L98,$L$36:L98<>"""",ISEVEN(row($L$36:L98))),count(filter($L$36:L98,$L$36:L98<>"""",iseven(row($L$36:L98)))),1)))"),"") | U100: =if(BD$24=FALSE,"",IF(L100="","",BC100)) | W100: =IF(count(S100:S101)>1,1,0) -> 0 | X100: =if(Y100="","","Week 33") | Y100: =IF(S100="","",text(B100,"MMM-YY")) | AJ100: =AJ98+1 -> 33 | AK100: 32 | AL100: =COUNT(AP100:AV100) -> 0 | AM100: =IF(K100="",AM98,K100) | AP100: =IF(COUNT($E100:$K100)<1,"",IF(E100="",AQ94,E100)) | AQ100: =IF(F100="",AP100,F100) | AR100: =IF(G100="",AQ100,G100) | AS100: =IF(H100="",AR100,H100) | AT100: =IF(I100="",AS100,I100) | AU100: =IF(J100="",AT100,J100) | AV100: =IF(K100="",AU100,K100) | AW100: =IF(AL100=0,AW98,average(AP100:AV100)) | AX100: =if(AND(AW100=AX$34,$AL100>0),ROW(),0) -> 0 | AY100: =if(AND(AW100=AY$34,$AL100>0),ROW(),0) -> 0 | AZ100: =IF(AW100="","",AW100-AW98) | BA100: =if(BB100>0,row(),0) -> 100 | BB100: =max(if(E100=AW$30,COLUMN(E100),0),if(F100=AW$30,COLUMN(F100),0),if(G100=AW$30,COLUMN(G100),0),if(H100=AW$30,COLUMN(H100),0),if(I100=AW$30,COLUMN(I100),0),if(J100=AW$30,COLUMN(J100),0),if(K100=AW$30,COLUMN(K100),0)) -> 11 | BC100: =IF(BD100="","",IF(AZ100="","",BD100)) | BD100: =IF(AL100=0,BD98,IF(AL101=0,BD98,((AW101+(((-AZ100)*$BD$7)/AL101)+sum($BE$38:BE98))/AK100))) -> 0 | BE100: =IF(AL100=0,BE98,IF(AL101=0,BE98,AW101+(((-AZ100)*$BD$7)/AL101))) -> 0 | BJ100: =text(B100,"YYYY MMM") | BL100: =if($G$13="Disable","", if($G$9="","",if(and($G$9="Male",count($N100:$O100)<>2),"", if(and($G$9="Male",count($N100:$O100)=2),round(if($N100="","", if($G$14="cm",86.01*log($N100-$O100)-70.041*log($G$15)+30.3, if($G$14="inch",86.01*log(($N100-$O100)*2.54)-70.041*log($G$15*2.54)+30.3))),0), if(and($G$9="Female",count($N100:$P100)<>3),"", if(and($G$9="Female",count($N100:$P100)=3),round(if($N100="","", if($G$14="cm",495/(1.29579-0.35004*log10($N100+$P100-$O100)+0.221 * log10($G$15))-450, if($G$14="inch",495/(1.29579-0.35004*log10(($N100+$P100-$O100)*2.54)+0.221 * log10($G$15*2.54))-450))),0))))))) | BP100: =if(BO100<>"",BO100,BP99) | BS100: =if($G$13="Enable",if(BQ100<>"",BQ100,BR100),if(BR100<>"",BR100,BQ100)) | BT100: =if($BP100<>"",if(BS100<>"",BS100,BT99),"") | BU100: =if(BS100="",BU99,BT99) | BV100: =if($BP100<>"", if($G$9="Male", if(and($G$5="lb",$BT100<20),1, if(and($G$5="lb",$BT100>=20,$BT100<=25),0.8, if(and($G$5="lb",$BT100>25),0.73, if(and($G$5="kg",$BT100<20),2.2, if(and($G$5="kg",$BT100>=20,$BT100<=25),1.76, if(and($G$5="kg",$BT100>25),1.606)))))), if($G$9="Female", if(and($G$5="lb",$BT100<=25),1, if(and($G$5="lb",$BT100>25),0.8, if(and($G$5="kg",$BT100<=25),2.2, if(and($G$5="kg",$BT100>25),1.76,"")))),""))) -> FALSE | BW100: =if($BP100<>"",if(abs(($BP100*$BV100)-$BW99)>=5,$BP100*$BV100,$BW99),"") | BX100: =if($BP100<>"", if($G$9="Male", if(and($G$5="lb",$BT100<20),0.8, if(and($G$5="lb",$BT100>=20),0.73, if(and($G$5="kg",$BT100<20),1.76, if(and($G$5="kg",$BT100>=20),1.606)))), if($G$9="Female", if($G$5="lb",0.8,1.76),""))) -> FALSE | BY100: =if($BP100<>"", if($G$9="Male", if(and($G$5="lb",$BT100<20),1.2, if(and($G$5="lb",$BT100>=20),1, if(and($G$5="kg",$BT100<20),2.64, if(and($G$5="kg",$BT100>=20),2.2)))), if($G$9="Female", if($G$5="lb",1.4,3.08),""))) -> FALSE | BZ100: =if(BW100<>BW99,BP100*BX100,BZ99) -> 0 | CA100: =if(BW100<>BW99,BP100*BY100,CA99) -> 0
D101: =D99 -> Calories | L101: =if(counta(E101:K101)=0,"",AVERAGE(E101:K101)) | AJ101: =AJ100+0.5 -> 33.5 | AL101: =COUNT(AP101:AV101) -> 0 | AM101: =AM100 | AP101: =IF(COUNT($E101:$K101)<1,"",IF(E101="",AQ95,E101)) | AQ101: =IF(F101="",AP101,F101) | AR101: =IF(G101="",AQ101,G101) | AS101: =IF(H101="",AR101,H101) | AT101: =IF(I101="",AS101,I101) | AU101: =IF(J101="",AT101,J101) | AV101: =IF(K101="",AU101,K101) | AW101: =IF(AL101=0,AW99,average(AP101:AV101)) | BP101: =if(BO101<>"",BO101,BP100) | BS101: =if($G$13="Enable",if(BQ101<>"",BQ101,BR101),if(BR101<>"",BR101,BQ101)) | BT101: =if($BP101<>"",if(BS101<>"",BS101,BT100),"") | BU101: =if(BS101="",BU100,BT100) | BV101: =if($BP101<>"", if($G$9="Male", if(and($G$5="lb",$BT101<20),1, if(and($G$5="lb",$BT101>=20,$BT101<=25),0.8, if(and($G$5="lb",$BT101>25),0.73, if(and($G$5="kg",$BT101<20),2.2, if(and($G$5="kg",$BT101>=20,$BT101<=25),1.76, if(and($G$5="kg",$BT101>25),1.606)))))), if($G$9="Female", if(and($G$5="lb",$BT101<=25),1, if(and($G$5="lb",$BT101>25),0.8, if(and($G$5="kg",$BT101<=25),2.2, if(and($G$5="kg",$BT101>25),1.76,"")))),""))) -> FALSE | BW101: =if($BP101<>"",if(abs(($BP101*$BV101)-$BW100)>=5,$BP101*$BV101,$BW100),"") | BX101: =if($BP101<>"", if($G$9="Male", if(and($G$5="lb",$BT101<20),0.8, if(and($G$5="lb",$BT101>=20),0.73, if(and($G$5="kg",$BT101<20),1.76, if(and($G$5="kg",$BT101>=20),1.606)))), if($G$9="Female", if($G$5="lb",0.8,1.76),""))) -> FALSE | BY101: =if($BP101<>"", if($G$9="Male", if(and($G$5="lb",$BT101<20),1.2, if(and($G$5="lb",$BT101>=20),1, if(and($G$5="kg",$BT101<20),2.64, if(and($G$5="kg",$BT101>=20),2.2)))), if($G$9="Female", if($G$5="lb",1.4,3.08),""))) -> FALSE | BZ101: =if(BW101<>BW100,BP101*BX101,BZ100) -> 0 | CA101: =if(BW101<>BW100,BP101*BY101,CA100) -> 0
B102: =IF(B100="","",B100+7) | D102: =D100 -> Weight | L102: =if(counta(E102:K102)=0,"",AVERAGE(E102:K102)) | Q102: =BL102 | S102: =IFERROR(__xludf.DUMMYFUNCTION("IF(L102="""","""",(L102-index(filter($L$36:L100,$L$36:L100<>"""",ISEVEN(row($L$36:L100))),count(filter($L$36:L100,$L$36:L100<>"""",iseven(row($L$36:L100)))),1)))"),"") | U102: =if(BD$24=FALSE,"",IF(L102="","",BC102)) | W102: =IF(count(S102:S103)>1,1,0) -> 0 | X102: =if(Y102="","","Week 34") | Y102: =IF(S102="","",text(B102,"MMM-YY")) | AJ102: =AJ100+1 -> 34 | AK102: 33 | AL102: =COUNT(AP102:AV102) -> 0 | AM102: =IF(K102="",AM100,K102) | AP102: =IF(COUNT($E102:$K102)<1,"",IF(E102="",AQ96,E102)) | AQ102: =IF(F102="",AP102,F102) | AR102: =IF(G102="",AQ102,G102) | AS102: =IF(H102="",AR102,H102) | AT102: =IF(I102="",AS102,I102) | AU102: =IF(J102="",AT102,J102) | AV102: =IF(K102="",AU102,K102) | AW102: =IF(AL102=0,AW100,average(AP102:AV102)) | AX102: =if(AND(AW102=AX$34,$AL102>0),ROW(),0) -> 0 | AY102: =if(AND(AW102=AY$34,$AL102>0),ROW(),0) -> 0 | AZ102: =IF(AW102="","",AW102-AW100) | BA102: =if(BB102>0,row(),0) -> 102 | BB102: =max(if(E102=AW$30,COLUMN(E102),0),if(F102=AW$30,COLUMN(F102),0),if(G102=AW$30,COLUMN(G102),0),if(H102=AW$30,COLUMN(H102),0),if(I102=AW$30,COLUMN(I102),0),if(J102=AW$30,COLUMN(J102),0),if(K102=AW$30,COLUMN(K102),0)) -> 11 | BC102: =IF(BD102="","",IF(AZ102="","",BD102)) | BD102: =IF(AL102=0,BD100,IF(AL103=0,BD100,((AW103+(((-AZ102)*$BD$7)/AL103)+sum($BE$38:BE100))/AK102))) -> 0 | BE102: =IF(AL102=0,BE100,IF(AL103=0,BE100,AW103+(((-AZ102)*$BD$7)/AL103))) -> 0 | BJ102: =text(B102,"YYYY MMM") | BL102: =if($G$13="Disable","", if($G$9="","",if(and($G$9="Male",count($N102:$O102)<>2),"", if(and($G$9="Male",count($N102:$O102)=2),round(if($N102="","", if($G$14="cm",86.01*log($N102-$O102)-70.041*log($G$15)+30.3, if($G$14="inch",86.01*log(($N102-$O102)*2.54)-70.041*log($G$15*2.54)+30.3))),0), if(and($G$9="Female",count($N102:$P102)<>3),"", if(and($G$9="Female",count($N102:$P102)=3),round(if($N102="","", if($G$14="cm",495/(1.29579-0.35004*log10($N102+$P102-$O102)+0.221 * log10($G$15))-450, if($G$14="inch",495/(1.29579-0.35004*log10(($N102+$P102-$O102)*2.54)+0.221 * log10($G$15*2.54))-450))),0))))))) | BP102: =if(BO102<>"",BO102,BP101) | BS102: =if($G$13="Enable",if(BQ102<>"",BQ102,BR102),if(BR102<>"",BR102,BQ102)) | BT102: =if($BP102<>"",if(BS102<>"",BS102,BT101),"") | BU102: =if(BS102="",BU101,BT101) | BV102: =if($BP102<>"", if($G$9="Male", if(and($G$5="lb",$BT102<20),1, if(and($G$5="lb",$BT102>=20,$BT102<=25),0.8, if(and($G$5="lb",$BT102>25),0.73, if(and($G$5="kg",$BT102<20),2.2, if(and($G$5="kg",$BT102>=20,$BT102<=25),1.76, if(and($G$5="kg",$BT102>25),1.606)))))), if($G$9="Female", if(and($G$5="lb",$BT102<=25),1, if(and($G$5="lb",$BT102>25),0.8, if(and($G$5="kg",$BT102<=25),2.2, if(and($G$5="kg",$BT102>25),1.76,"")))),""))) -> FALSE | BW102: =if($BP102<>"",if(abs(($BP102*$BV102)-$BW101)>=5,$BP102*$BV102,$BW101),"") | BX102: =if($BP102<>"", if($G$9="Male", if(and($G$5="lb",$BT102<20),0.8, if(and($G$5="lb",$BT102>=20),0.73, if(and($G$5="kg",$BT102<20),1.76, if(and($G$5="kg",$BT102>=20),1.606)))), if($G$9="Female", if($G$5="lb",0.8,1.76),""))) -> FALSE | BY102: =if($BP102<>"", if($G$9="Male", if(and($G$5="lb",$BT102<20),1.2, if(and($G$5="lb",$BT102>=20),1, if(and($G$5="kg",$BT102<20),2.64, if(and($G$5="kg",$BT102>=20),2.2)))), if($G$9="Female", if($G$5="lb",1.4,3.08),""))) -> FALSE | BZ102: =if(BW102<>BW101,BP102*BX102,BZ101) -> 0 | CA102: =if(BW102<>BW101,BP102*BY102,CA101) -> 0
...

Sheet SUMMARY
B2: Summary
M4: Week | N4: =concatenate("Average weight/",CALCULATIONS!H7) -> Average weight/ | O4: Average TDEE | Q4: Month | R4: Actual Weight Change | S4: Goal Weight Change
M5: =IFERROR(__xludf.DUMMYFUNCTION("iferror(filter(CALCULATIONS!$B$36:$B140,CALCULATIONS!$L$36:$L140<>"""",ISEVEN(row(CALCULATIONS!$L$36:$L140))),"""")"),"") | N5: =if(M5="","",round(vlookup(M5,CALCULATIONS!$B$36:$L$141,11,0),2)) | O5: {=if(M5="","",index(CALCULATIONS!$B$36:$L$141,match($M5,CALCULATIONS!$B$36:$B$141,0)+1,11))} | Q5: =IFERROR(__xludf.DUMMYFUNCTION("iferror(unique(filter(CALCULATIONS!Y36:Y141,CALCULATIONS!Y36:Y141<>"""")),"""")"),"") | R5: =if(Q5="","",sumif(CALCULATIONS!$Y$36:$Y141,$Q5,CALCULATIONS!$S$36:$S141)) | S5: =if(Q5="","",(CALCULATIONS!$AW$15*4)*1)
N6: =if(M6="","",round(vlookup(M6,CALCULATIONS!$B$36:$L$141,11,0),2)) | O6: {=if(M6="","",index(CALCULATIONS!$B$36:$L$141,match($M6,CALCULATIONS!$B$36:$B$141,0)+1,11))} | R6: =if(Q6="","",sumif(CALCULATIONS!$Y$36:$Y142,$Q6,CALCULATIONS!$S$36:$S142)) | S6: =if(Q6="","",(CALCULATIONS!$AW$15*4)*1)
N7: =if(M7="","",round(vlookup(M7,CALCULATIONS!$B$36:$L$141,11,0),2)) | O7: {=if(M7="","",index(CALCULATIONS!$B$36:$L$141,match($M7,CALCULATIONS!$B$36:$B$141,0)+1,11))} | R7: =if(Q7="","",sumif(CALCULATIONS!$Y$36:$Y143,$Q7,CALCULATIONS!$S$36:$S143)) | S7: =if(Q7="","",(CALCULATIONS!$AW$15*4)*1)
N8: =if(M8="","",round(vlookup(M8,CALCULATIONS!$B$36:$L$141,11,0),2)) | O8: {=if(M8="","",index(CALCULATIONS!$B$36:$L$141,match($M8,CALCULATIONS!$B$36:$B$141,0)+1,11))} | R8: =if(Q8="","",sumif(CALCULATIONS!$Y$36:$Y144,$Q8,CALCULATIONS!$S$36:$S144)) | S8: =if(Q8="","",(CALCULATIONS!$AW$15*4)*1)
N9: =if(M9="","",round(vlookup(M9,CALCULATIONS!$B$36:$L$141,11,0),2)) | O9: {=if(M9="","",index(CALCULATIONS!$B$36:$L$141,match($M9,CALCULATIONS!$B$36:$B$141,0)+1,11))} | R9: =if(Q9="","",sumif(CALCULATIONS!$Y$36:$Y145,$Q9,CALCULATIONS!$S$36:$S145)) | S9: =if(Q9="","",(CALCULATIONS!$AW$15*4)*1)
